,grade,负债水平,年龄,closed_accounts,past_due_accounts,open_accounts,enquiry_alert,一年内信用卡查询次数,一年内贷款查询次数,在用信用卡数,信用卡总额度,信用卡平均额度,当前贷款笔数,贷款总额度,贷款平均额度,近一年逾期30天以上次数,平均每月还款额,学历,就业状况
0,,220605,35,14,0,5,57,4,11,0,0,0,5,239765,47953,4,11319,,
1,,274346,33,1,0,5,63,0,7,1,36000,36000,4,270984,67746,0,1578,,
2,,309839,47,29,0,6,71,2,15,1,10000,10000,5,354000,70800,2,16338,,
3,,40806,27,20,0,4,58,0,10,1,2000,2000,3,70000,23333,2,10200,,
4,,240985,28,2,0,5,45,0,5,1,79000,79000,4,160000,40000,2,2546,,
5,,275144,45,13,0,12,75,1,14,2,118000,59000,10,328105,32811,2,5885,,
6,,246529,26,7,0,6,92,0,49,0,0,0,6,330000,55000,4,5506,,
7,,-3,26,2,0,0,22,0,10,0,0,0,0,0,0,0,12994,,
8,,599472,33,11,0,7,96,0,6,3,39000,13000,4,421248,105312,3,10894,,
9,,72607,38,5,0,4,61,12,28,0,0,0,4,65000,16250,0,1045,,
10,,180737,27,3,0,6,75,1,16,3,287000,95667,3,70000,23333,1,9790,,
11,,678800,42,7,0,8,82,1,40,1,69000,69000,7,615000,87857,3,21562,,
12,,54701,22,3,0,7,47,1,16,1,10000,10000,6,105000,17500,3,3906,,
13,,398882,26,1,0,8,54,3,24,1,68000,68000,7,490000,70000,1,8430,,
14,,102775,21,2,0,5,39,11,19,3,25000,8333,2,75000,37500,0,4019,,
15,,180834,25,26,0,4,51,1,10,0,0,0,4,169000,42250,0,2035,,
16,,140893,24,4,0,9,117,6,17,8,118000,14750,1,50000,50000,5,5032,,
17,,28514,46,10,0,2,11,1,1,1,15000,15000,1,15000,15000,4,19516,,
18,,147411,25,5,0,4,31,0,3,0,0,0,4,123969,30992,0,10862,,
19,,323263,31,1,0,7,37,0,6,5,156000,31200,2,150000,75000,0,5363,,
20,,76196,29,13,0,5,54,0,7,0,0,0,5,110000,22000,7,9567,,
21,,158432,48,10,0,12,123,1,48,2,20000,10000,10,181810,18181,1,1426,,
22,,159382,33,14,0,6,68,0,22,0,0,0,6,155000,25833,0,23364,,
23,,102685,31,4,1,4,61,0,10,1,14000,14000,4,112000,28000,1,11561,,
24,,-4,20,0,0,0,8,0,0,0,0,0,0,0,0,0,0,,
25,,494317,48,10,1,7,97,0,9,6,417000,69500,2,80000,40000,1,5274,,
26,,94087,26,15,0,9,36,7,15,2,43000,21500,7,100000,14286,6,3876,,
27,,76555,25,2,0,5,10,3,1,4,40000,10000,1,30000,30000,0,712,,
28,,23689,23,4,0,2,11,1,6,0,0,0,2,25000,12500,3,268,,
29,,376713,44,11,0,7,63,3,7,3,20000,6667,4,420000,105000,0,27242,,
30,,324677,26,5,0,8,102,0,19,1,48000,48000,7,308600,44086,0,11819,,
31,,51672,26,1,0,4,24,0,0,4,45000,11250,0,0,0,0,0,,
32,,-3,37,1,2,0,33,0,5,2,20000,10000,0,0,0,2,0,,
33,,1066894,38,12,0,9,94,2,7,2,192000,96000,7,930000,132857,0,30186,,
34,,192917,37,6,0,2,17,1,6,0,0,0,2,160000,80000,2,1665,,
35,,39200,22,2,0,6,42,2,19,0,0,0,6,68000,11333,1,4636,,
36,,426334,43,13,0,7,79,0,15,0,0,0,7,423693,60528,2,10085,,
37,,77787,37,6,2,5,20,0,5,5,139000,27800,2,100000,50000,4,3880,,
38,,279204,29,6,0,5,77,2,15,0,0,0,5,310000,62000,1,6991,,
39,,13949,21,9,0,3,57,0,20,0,0,0,3,25000,8333,5,4953,,
40,,35107,31,22,0,6,61,0,32,0,0,0,6,75000,12500,1,18307,,
41,,274000,25,21,0,5,84,1,19,0,0,0,5,222000,44400,1,14109,,
42,,214144,36,10,0,6,57,0,35,6,163200,27200,6,324458,54076,2,12034,,
43,,146636,25,0,0,7,33,0,6,3,80000,26667,4,60000,15000,0,815,,
44,,141931,41,22,0,6,45,0,7,0,0,0,6,135000,22500,5,12721,,
45,,10684,40,2,2,1,63,6,8,2,23000,11500,1,25000,25000,2,2147,,
46,,384584,34,24,0,4,16,0,7,0,0,0,4,419033,104758,3,18759,,
47,,591081,34,5,0,7,127,0,2,5,496000,99200,2,450000,225000,0,54955,,
48,,335135,27,8,0,10,125,2,34,2,78000,39000,8,400000,50000,2,6336,,
49,,410159,34,13,0,6,38,0,6,0,0,0,6,388961,64827,1,4366,,
50,,1247348,55,24,0,8,55,0,5,2,80000,40000,6,916000,152667,4,212223,,
51,,122338,44,15,0,7,30,0,16,0,0,0,7,195000,27857,2,10925,,
52,,50718,21,0,0,3,19,0,6,0,0,0,3,69990,23330,0,883,,
53,,211536,27,7,0,4,52,0,9,2,124000,62000,2,70000,35000,1,2972,,
54,,145524,22,0,0,4,43,3,7,0,0,0,4,105000,26250,0,1283,,
55,,61689,21,1,0,4,10,0,9,0,0,0,4,65000,16250,0,6734,,
56,,80379,24,3,0,4,17,0,2,0,0,0,4,74991,18748,0,606,,
57,,135166,50,12,0,5,51,0,2,1,10000,10000,4,150000,37500,1,7055,,
58,,615406,39,18,0,9,95,0,23,1,10000,10000,8,760000,95000,3,27876,,
59,,22306,35,10,0,3,69,1,10,1,9000,9000,2,20000,10000,0,7007,,
60,,-3,36,1,0,0,4,0,1,0,0,0,0,0,0,0,0,,
61,,170755,23,0,0,3,16,1,4,0,0,0,3,149986,49995,0,1975,,
62,,132143,23,12,0,5,50,0,17,0,0,0,5,131000,26200,0,8991,,
63,,232873,48,8,0,4,31,1,7,0,0,0,4,1187000,296750,1,14306,,
64,,361994,38,10,0,6,71,2,19,2,40000,20000,4,280000,70000,0,27869,,
65,,201126,31,0,0,3,31,3,10,0,0,0,3,220000,73333,0,6059,,
66,,355068,35,2,0,14,93,3,16,5,36000,7200,9,380000,42222,1,3414,,
67,,86671,25,8,0,9,63,1,16,1,5000,5000,8,138559,17320,3,3239,,
68,,227389,24,6,0,3,89,2,4,0,0,0,3,218190,72730,3,16124,,
69,,316873,47,0,2,3,14,1,9,2,0,0,3,290000,96667,2,3211,,
70,,83798,21,0,0,4,33,0,2,4,103000,25750,0,0,0,0,950,,
71,,8701,58,0,2,1,17,2,9,2,40000,20000,1,10000,10000,2,358,,
72,,-3,51,0,5,0,1,0,0,4,55000,13750,1,180000,180000,5,0,,
73,,75176,23,18,0,2,41,5,13,0,0,0,2,75000,37500,1,9860,,
74,,301280,38,18,0,9,38,0,18,1,40000,40000,8,268000,33500,1,13161,,
75,,0,25,15,0,3,31,0,9,1,10000,10000,2,20000,10000,3,6812,,
76,,495236,40,3,0,2,31,0,2,1,45000,45000,1,300000,300000,1,6065,,
77,,107194,42,6,0,2,22,0,3,1,20000,20000,1,64000,64000,2,15759,,
78,,93769,25,0,0,4,31,4,12,0,0,0,4,120000,30000,0,995,,
79,,76556,38,1,0,3,8,0,6,0,0,0,3,80000,26667,0,1965,,
80,,10000,24,15,0,2,62,1,8,0,0,0,2,20000,10000,0,12917,,
81,,354635,51,9,0,8,49,0,20,0,0,0,8,289999,36250,0,1601,,
82,,93593,25,1,0,6,18,0,15,0,0,0,6,91000,15167,0,1063,,
83,,233174,52,4,0,3,18,0,1,1,15000,15000,2,204926,102463,0,10804,,
84,,-3,28,1,0,0,6,1,5,0,0,0,0,0,0,0,2411,,
85,,146451,22,1,0,6,42,4,12,2,66000,33000,4,125000,31250,0,10506,,
86,,79953,21,1,0,2,8,1,4,0,0,0,2,80000,40000,0,7955,,
87,,33084,24,2,0,2,26,1,0,2,52000,26000,0,0,0,0,100,,
88,,-4,30,0,0,0,4,0,4,0,0,0,0,0,0,0,0,,
89,,20000,31,18,0,6,31,0,3,2,10000,5000,4,110000,27500,5,6163,,
90,,14978,24,0,0,2,6,0,6,0,0,0,2,15000,7500,0,586,,
91,,99984,24,15,0,8,25,1,5,4,25000,6250,4,140000,35000,4,18385,,
92,,-4,22,0,0,0,4,0,3,0,0,0,0,0,0,0,0,,
93,,219489,22,0,0,3,20,0,13,0,0,0,3,235000,78333,0,16571,,
94,,223365,55,19,0,5,30,0,8,0,0,0,5,210000,42000,0,2182,,
95,,102760,39,8,0,6,43,2,11,2,35000,17500,4,70000,17500,2,16433,,
96,,220334,59,14,0,7,60,0,13,1,10000,10000,6,201000,33500,1,14484,,
97,,88518,25,1,0,5,18,0,12,0,0,0,5,95000,19000,1,3265,,
98,,87306,24,0,0,2,4,0,1,1,65000,65000,1,20000,20000,0,800,,
99,,78007,20,0,0,3,12,1,3,0,0,0,3,81000,27000,0,1674,,
100,,80718,23,2,0,5,65,0,3,3,130000,43333,2,167000,83500,2,1084,,
101,,30000,25,0,0,1,17,1,13,0,0,0,1,30000,30000,0,0,,
102,,176662,24,2,0,6,40,0,8,1,25000,25000,5,224686,44937,0,10438,,
103,,725340,41,7,0,5,42,0,1,1,46000,46000,4,636000,159000,4,20185,,
104,,120296,22,4,0,9,48,0,19,0,0,0,9,177000,19667,1,2736,,
105,,486131,48,11,0,4,26,1,9,0,0,0,4,689000,172250,7,10463,,
106,,48357,40,4,0,3,52,0,1,1,14000,14000,2,80000,40000,1,2784,,
107,,70717,30,0,0,1,50,1,9,0,0,0,1,70000,70000,0,3000,,
108,,169147,22,3,0,6,38,0,5,3,30000,10000,3,125000,41667,0,2068,,
109,,266163,34,17,0,7,64,0,11,0,0,0,7,327316,46759,0,10417,,
110,,226374,59,2,0,4,51,8,5,4,428600,107150,0,0,0,1,16782,,
111,,-3,32,6,0,0,21,1,3,0,0,0,0,0,0,3,7788,,
112,,220541,30,5,0,10,68,2,10,3,65000,21667,7,220388,31484,2,1416,,
113,,144336,45,1,0,5,8,0,2,4,110000,27500,1,112200,112200,0,1582,,
114,,760847,46,20,0,10,121,0,20,1,61000,61000,9,715000,79444,0,61917,,
115,,144104,23,5,0,6,49,0,9,0,0,0,6,140000,23333,1,903,,
116,,66702,31,2,0,3,37,2,13,0,0,0,3,90000,30000,0,5039,,
117,,30656,50,3,0,2,10,1,4,1,10000,10000,1,18000,18000,2,3352,,
118,,143771,28,4,0,6,60,0,4,1,95000,95000,5,121978,24396,0,902,,
119,,615854,37,6,0,13,148,0,6,11,594000,54000,2,200000,100000,1,932,,
120,,0,39,0,0,1,5,0,1,0,0,0,1,30000,30000,0,0,,
121,,142215,27,2,0,6,58,1,12,0,0,0,6,136000,22667,0,4052,,
122,,85857,29,2,0,3,37,0,4,0,0,0,3,110000,36667,1,4304,,
123,,31062,24,1,0,4,26,4,13,0,0,0,4,35000,8750,0,851,,
124,,216215,19,7,0,8,65,1,50,0,0,0,8,225000,28125,1,7205,,
125,,126458,24,20,0,9,61,1,19,0,0,0,9,145000,16111,4,9222,,
126,,35959,22,0,0,3,14,3,6,1,10000,10000,2,26000,13000,0,67,,
127,,62621,30,1,0,2,11,0,1,0,0,0,2,60000,30000,1,2177,,
128,,113715,40,5,0,5,25,0,16,0,0,0,5,95000,19000,0,5830,,
129,,435339,34,3,0,11,117,2,7,9,462999,51444,2,140000,70000,0,6525,,
130,,350414,26,16,0,8,114,10,17,1,15000,15000,7,381125,54446,0,6152,,
131,,303890,39,5,0,4,44,0,4,1,64999,64999,3,242001,80667,1,32283,,
132,,76041,22,0,0,2,21,0,7,0,0,0,2,80000,40000,0,955,,
133,,24193,25,0,0,3,2,1,0,3,85000,28333,0,0,0,0,1382,,
134,,206059,27,7,0,9,112,0,18,3,79000,26333,6,231000,38500,2,9079,,
135,,-4,23,0,0,0,2,0,1,0,0,0,0,0,0,0,0,,
136,,391153,28,5,0,7,67,0,13,1,33000,33000,6,399000,66500,0,3555,,
137,,17295,23,2,0,2,9,3,0,2,20000,10000,0,0,0,0,450,,
138,,376022,26,8,0,4,21,1,2,3,95000,31667,1,293000,293000,0,4345,,
139,,233741,29,7,0,8,92,0,15,0,0,0,8,280000,35000,0,3889,,
140,,135200,22,6,0,4,22,0,12,1,13000,13000,3,130000,43333,3,4957,,
141,,119982,27,2,0,4,12,0,3,2,42000,21000,2,70000,35000,0,10567,,
142,,0,21,0,0,2,13,0,0,0,0,0,2,25000,12500,0,0,,
143,,20617,21,0,0,2,4,3,1,1,18000,18000,1,15000,15000,0,0,,
144,,19913,22,2,0,2,38,13,3,1,10000,10000,1,13528,13528,0,3626,,
145,,69008,29,17,0,4,32,1,11,1,10000,10000,3,99949,33316,14,11289,,
146,,222438,30,5,0,5,42,0,0,3,55547,18516,2,236000,118000,0,29679,,
147,,20246,37,2,0,3,11,1,7,1,10000,10000,2,20000,10000,0,132,,
148,,1003433,47,19,0,6,53,5,9,0,0,0,6,1187363,197894,2,26574,,
149,,422497,37,10,0,7,37,0,3,4,61000,15250,3,310216,103405,0,15758,,
150,,665045,37,9,0,8,61,1,12,3,115000,38333,5,653950,130790,0,25688,,
151,,157889,39,15,0,5,42,1,9,0,0,0,5,165837,33167,3,25298,,
152,,850902,51,11,0,8,62,0,3,4,178000,44500,4,540000,135000,0,28618,,
153,,85088,21,0,0,11,50,3,7,7,40000,5714,4,60000,15000,0,796,,
154,,51151,21,6,0,2,7,0,0,1,45000,45000,1,10000,10000,1,6255,,
155,,355940,34,17,0,8,40,0,6,4,79000,19750,4,579176,144794,5,11355,,
156,,160894,25,1,0,3,13,1,7,1,25000,25000,2,120000,60000,0,1214,,
157,,85180,49,3,0,4,10,1,9,0,0,0,4,80000,20000,0,3738,,
158,,83048,22,2,0,8,56,0,20,3,11000,3667,5,75000,15000,1,1333,,
159,,418363,37,11,0,11,62,3,9,3,20000,6667,8,588000,73500,0,19389,,
160,,675432,35,14,0,3,11,0,2,0,0,0,3,636336,212112,2,38982,,
161,,326184,28,0,0,3,39,0,5,1,212000,212000,2,150000,75000,0,987,,
162,,30209,23,0,0,2,6,3,3,1,10000,10000,1,20000,20000,0,0,,
163,,607792,38,9,0,13,92,1,16,4,111000,27750,9,486000,54000,0,8767,,
164,,741103,50,22,0,5,50,0,21,0,0,0,5,565000,113000,6,44361,,
165,,72474,20,0,0,5,33,2,10,1,10000,10000,4,70000,17500,0,1187,,
166,,885,55,0,0,1,33,1,0,1,70000,70000,0,0,0,0,902,,
167,,11726,25,0,0,1,6,0,6,0,0,0,1,10000,10000,0,1066,,
168,,173080,37,4,0,5,44,0,1,1,24000,24000,4,169000,42250,0,1842,,
169,,-3,27,17,0,0,3,0,1,0,0,0,0,0,0,5,14166,,
170,,172099,38,5,0,2,23,0,4,1,61000,61000,1,100000,100000,1,1526,,
171,,96152,28,7,0,1,16,0,1,0,0,0,1,97000,97000,4,3943,,
172,,0,27,4,0,2,3,0,0,2,15000,7500,0,0,0,1,7339,,
173,,153579,29,6,0,6,48,4,29,0,0,0,12,320000,26667,0,1757,,
174,,402912,27,13,0,5,61,0,16,0,0,0,5,350000,70000,1,15217,,
175,,223877,23,9,0,7,98,0,20,2,18000,9000,5,190000,38000,0,7752,,
176,,221061,47,4,0,8,35,0,2,6,129000,21500,2,120000,60000,1,8692,,
177,,132793,23,3,0,2,23,0,5,0,0,0,2,129000,64500,0,4497,,
178,,322918,36,11,0,10,123,3,13,3,31000,10333,7,285000,40714,1,2157,,
179,,-4,20,0,0,0,5,0,5,0,0,0,0,0,0,0,0,,
180,,149360,22,5,0,3,38,0,9,0,0,0,3,107400,35800,0,0,,
181,,419536,22,0,0,7,55,1,12,4,70000,17500,3,310000,103333,0,606,,
182,,225497,27,16,0,6,39,1,8,1,20000,20000,5,242000,48400,1,18670,,
183,,394438,25,10,0,10,79,0,28,1,25000,25000,9,348000,38667,1,9451,,
184,,868334,49,7,0,9,30,8,8,3,55000,18333,6,890000,148333,1,31966,,
185,,162578,37,6,0,5,36,0,4,1,100000,100000,4,183582,45896,1,6036,,
186,,24722,22,0,0,2,8,2,1,1,5000,5000,1,20000,20000,1,975,,
187,,-4,19,0,0,0,11,1,10,0,0,0,0,0,0,0,0,,
188,,164603,27,7,0,6,61,5,12,0,0,0,6,223000,37167,2,6969,,
189,,46787,20,6,0,4,55,2,8,0,0,0,4,65000,16250,0,2110,,
190,,132737,30,12,0,5,93,2,16,1,14000,14000,4,230000,57500,1,6540,,
191,,308954,46,15,0,7,104,0,12,2,35000,17500,5,295000,59000,2,5336,,
192,,369073,28,1,0,5,53,0,5,1,30000,30000,4,367500,91875,0,22992,,
193,,177878,24,9,0,12,123,2,41,1,8000,8000,11,183701,16700,1,5107,,
194,,108320,25,1,0,3,26,0,4,0,0,0,3,124917,41639,1,9030,,
195,,199744,24,0,0,2,36,1,1,0,0,0,2,130000,65000,0,3995,,
196,,135017,25,0,0,4,64,1,6,3,88000,29333,1,40000,40000,0,924,,
197,,10000,20,0,0,1,19,3,16,0,0,0,1,10000,10000,0,0,,
198,,-3,30,1,0,0,0,0,0,0,0,0,0,0,0,1,9042,,
199,,40778,22,0,0,1,11,1,0,0,0,0,1,40000,40000,1,2200,,
200,,116236,22,0,0,4,19,1,10,0,0,0,4,120000,30000,1,894,,
201,,49329,25,7,0,4,37,1,21,0,0,0,4,310000,77500,3,4173,,
202,,213692,43,8,0,6,50,1,4,1,60000,60000,5,190000,38000,3,3172,,
203,,453220,33,8,0,5,92,0,4,1,51000,51000,4,478988,119747,0,28643,,
204,,-4,29,0,0,0,1,0,0,0,0,0,0,0,0,0,0,,
205,,203262,27,21,0,7,67,0,10,0,0,0,7,248000,35429,0,8990,,
206,,10000,23,5,0,3,13,1,6,3,19999,6666,0,0,0,0,0,,
207,,43152,22,2,0,4,45,2,27,0,0,0,4,45000,11250,2,631,,
208,,281897,25,0,0,9,22,0,6,4,21000,5250,5,240000,48000,0,516,,
209,,3050,21,0,0,1,5,2,3,0,0,0,1,3000,3000,0,0,,
210,,558733,44,21,0,10,76,2,13,3,35000,11667,7,480000,68571,2,10877,,
211,,96189,22,3,0,6,30,0,19,0,0,0,6,95000,15833,0,5493,,
212,,96082,24,3,0,2,23,1,3,0,0,0,2,90000,45000,1,3393,,
213,,147373,37,7,0,4,19,0,5,0,0,0,4,161000,40250,0,14386,,
214,,139646,54,10,0,4,43,0,14,0,0,0,4,160000,40000,0,103297,,
215,,-4,27,0,0,0,3,0,1,0,0,0,0,0,0,0,0,,
216,,483864,28,8,0,4,75,2,4,1,70000,70000,3,425000,141667,0,85970,,
217,,341257,44,9,0,7,60,0,40,2,20000,10000,12,690000,57500,6,4713,,
218,,106123,20,1,0,4,16,2,10,1,10000,10000,3,90000,30000,0,2442,,
219,,211801,25,2,0,2,47,0,2,2,196000,98000,0,0,0,4,1250,,
220,,434170,51,8,0,3,45,1,3,1,25000,25000,2,238000,119000,0,44009,,
221,,0,20,2,0,3,35,1,20,0,0,0,3,49536,16512,1,2017,,
222,,249062,28,15,0,9,47,1,8,4,56000,14000,5,320000,64000,0,17276,,
223,,23564,25,6,0,2,58,0,5,1,104000,104000,1,30000,30000,0,15298,,
224,,112545,22,2,0,8,36,4,27,1,10000,10000,7,100000,14286,1,798,,
225,,441971,32,10,0,13,108,1,16,5,151200,30240,8,425000,53125,0,17939,,
226,,106936,34,0,0,3,17,0,7,1,8000,8000,2,100000,50000,0,1792,,
227,,250780,21,0,0,6,11,0,8,1,10000,10000,5,195000,39000,0,1952,,
228,,7001,20,0,0,1,2,1,0,1,8000,8000,0,0,0,0,4418,,
229,,-4,32,0,0,0,7,0,7,0,0,0,0,0,0,0,0,,
230,,547397,31,20,0,3,95,1,21,0,0,0,3,568516,189505,0,54137,,
231,,123202,23,1,0,2,27,0,6,0,0,0,2,130000,65000,0,3105,,
232,,3023,23,0,0,1,13,0,3,0,0,0,1,50000,50000,0,0,,
233,,93946,60,2,0,5,59,1,0,3,65100,21700,2,82250,41125,0,681,,
234,,86832,23,2,0,5,26,0,20,0,0,0,5,86357,17271,0,901,,
235,,-4,19,0,0,0,8,1,7,0,0,0,0,0,0,0,0,,
236,,19618,23,0,0,2,10,0,3,0,0,0,2,20000,10000,0,1083,,
237,,297951,43,23,0,5,64,0,6,0,0,0,5,279000,55800,0,24674,,
238,,148055,27,7,0,5,37,3,9,2,35000,17500,3,120000,40000,2,4903,,
239,,105685,22,1,0,4,48,2,9,1,10000,10000,3,82400,27467,0,612,,
240,,67331,27,1,0,2,7,5,0,2,65000,32500,0,0,0,1,4621,,
241,,30047,21,1,0,4,22,13,2,4,82000,20500,0,0,0,0,1430,,
242,,216654,23,7,0,6,44,0,14,0,0,0,6,242000,40333,2,3825,,
243,,0,24,3,0,1,44,0,3,0,0,0,1,15000,15000,3,15577,,
244,,51990,27,6,0,5,58,2,40,1,15000,15000,4,47000,11750,4,6092,,
245,,-4,22,0,0,0,3,0,3,0,0,0,0,0,0,0,0,,
246,,-3,27,2,0,0,20,1,7,0,0,0,0,0,0,2,15405,,
247,,9125,25,2,0,1,20,0,7,0,0,0,1,10000,10000,2,7288,,
248,,232078,58,25,0,5,50,0,14,1,15000,15000,4,260000,65000,0,13092,,
249,,75747,35,12,0,7,81,2,21,0,0,0,7,89000,12714,5,1933,,
250,,100542,23,5,0,6,48,4,2,4,85000,21250,2,130000,65000,0,13883,,
251,,103650,24,0,0,2,20,1,6,1,34000,34000,1,69939,69939,0,15450,,
252,,6811,38,0,0,1,2,0,1,0,0,0,1,10000,10000,0,3600,,
253,,396293,33,6,0,10,68,0,41,3,80000,26667,7,270000,38571,1,5227,,
254,,177931,25,8,0,6,75,0,6,2,20000,10000,4,180000,45000,1,6729,,
255,,688808,43,20,0,9,86,1,59,0,0,0,9,644948,71661,5,33038,,
256,,108291,23,0,0,3,50,1,4,0,0,0,3,144000,48000,0,2912,,
257,,123927,38,19,0,7,53,0,9,2,15000,7500,5,210000,42000,2,8149,,
258,,52465,21,1,0,2,19,1,2,0,0,0,2,54996,27498,1,4803,,
259,,64109,58,1,0,1,33,0,0,1,62000,62000,0,0,0,0,1300,,
260,,10000,19,0,0,1,14,4,1,0,0,0,1,10000,10000,0,846,,
261,,70525,27,0,0,4,46,1,13,1,20000,20000,3,55000,18333,0,1369,,
262,,282214,24,4,0,6,72,0,9,2,26000,13000,4,280000,70000,0,4507,,
263,,870040,25,12,0,14,149,2,15,10,249805,24981,4,600052,150013,0,18399,,
264,,45186,49,13,0,5,25,0,12,0,0,0,5,75000,15000,4,7592,,
265,,30000,21,0,0,1,7,3,4,0,0,0,1,30000,30000,0,0,,
266,,171642,27,5,0,4,67,1,16,0,0,0,4,135045,33761,1,8385,,
267,,30000,21,0,0,1,5,0,3,0,0,0,1,30000,30000,0,1335,,
268,,-4,23,0,0,0,7,0,6,0,0,0,0,0,0,0,0,,
269,,74426,25,4,0,2,27,4,0,1,5000,5000,1,70000,70000,2,5030,,
270,,867942,55,20,0,12,97,0,15,3,65000,21667,9,665000,73889,0,61116,,
271,,245138,25,5,0,9,73,4,13,16,440000,27500,3,45000,15000,0,1241,,
272,,43532,20,0,0,3,12,0,7,0,0,0,3,50000,16667,1,2152,,
273,,82417,20,3,0,7,57,1,28,2,25000,12500,5,76000,15200,1,1191,,
274,,223342,27,15,0,6,45,0,15,1,50000,50000,5,165000,33000,0,1966,,
275,,441668,37,2,0,15,131,1,15,8,192000,24000,7,398000,56857,0,1562,,
276,,115112,21,3,0,3,47,0,11,0,0,0,3,130000,43333,1,12936,,
277,,154279,25,0,0,3,18,0,0,1,75000,75000,2,80000,40000,0,1946,,
278,,344265,36,29,0,11,70,0,16,3,65000,21667,8,447914,55989,3,10009,,
279,,102513,21,2,0,4,26,0,11,0,0,0,4,111000,27750,0,9314,,
280,,260386,24,0,0,2,49,2,5,1,90000,90000,1,105000,105000,0,4915,,
281,,70037,20,5,0,2,38,0,10,0,0,0,2,70000,35000,0,8937,,
282,,441792,29,8,0,4,67,4,11,1,50000,50000,3,310500,103500,0,6113,,
283,,24374,22,11,0,3,54,0,5,0,0,0,3,30000,10000,4,6036,,
284,,35436,26,4,0,3,34,1,7,0,0,0,3,64959,21653,2,2766,,
285,,87513,27,19,0,4,73,0,12,0,0,0,4,103000,25750,0,21213,,
286,,730237,33,12,0,7,83,0,2,4,85000,21250,3,698782,232927,2,7801,,
287,,477122,31,13,0,6,51,0,7,0,0,0,6,530000,88333,0,42765,,
288,,-4,30,0,0,0,8,3,0,0,0,0,0,0,0,0,0,,
289,,21919,26,4,0,1,23,5,2,0,0,0,1,150000,150000,2,13023,,
290,,165664,19,0,0,5,16,1,11,0,0,0,5,175000,35000,1,1929,,
291,,383544,27,2,0,12,75,1,12,4,30000,7500,8,470000,58750,0,2711,,
292,,121789,21,4,0,5,31,2,15,0,0,0,5,127971,25594,2,1609,,
293,,116940,27,0,0,5,40,3,9,3,82000,27333,2,30000,15000,0,927,,
294,,153264,28,1,0,3,51,0,3,1,63000,63000,2,183300,91650,0,8368,,
295,,124716,20,0,0,4,10,0,16,0,0,0,8,248000,31000,0,1547,,
296,,75343,26,8,0,4,52,0,0,3,121000,40333,1,40000,40000,0,1165,,
297,,118058,24,10,0,5,87,1,42,0,0,0,5,108000,21600,0,4124,,
298,,248986,23,0,0,5,44,0,3,3,178000,59333,2,100000,50000,0,1047,,
299,,27106,21,0,0,2,38,1,6,0,0,0,2,31000,15500,0,1721,,
300,,510427,30,6,0,6,62,1,7,0,0,0,6,475265,79211,0,28187,,
301,,203666,25,1,0,4,17,1,5,0,0,0,4,180000,45000,1,805,,
302,,-3,24,1,0,0,4,0,3,0,0,0,0,0,0,1,6712,,
303,,102558,50,6,0,2,46,0,6,0,0,0,2,99989,49995,0,357,,
304,,40572,24,3,0,5,17,0,12,0,0,0,5,110000,22000,0,2717,,
305,,210531,34,4,0,8,52,0,8,1,10000,10000,7,265000,37857,1,8449,,
306,,212925,31,22,0,5,63,3,10,0,0,0,5,256950,51390,3,11342,,
307,,143916,22,7,0,8,117,1,16,3,31200,10400,5,125000,25000,0,4556,,
308,,178253,33,11,0,6,52,0,9,1,20000,20000,5,170000,34000,2,3479,,
309,,156360,26,0,0,2,36,0,4,1,117000,117000,1,20000,20000,0,25750,,
310,,345588,34,10,0,6,20,1,5,3,11000,3667,3,235000,78333,3,67611,,
311,,93477,36,4,0,6,88,1,19,1,39000,39000,5,242000,48400,0,7719,,
312,,190932,24,12,0,10,45,1,22,1,70000,70000,9,126000,14000,1,2833,,
313,,76341,24,0,0,6,28,0,8,3,10000,3333,3,60000,20000,0,3377,,
314,,130953,39,14,0,2,42,1,9,0,0,0,2,430000,215000,1,38195,,
315,,332213,29,6,0,3,60,0,5,1,15000,15000,2,285000,142500,1,44425,,
316,,472238,35,14,0,7,55,0,7,1,67000,67000,6,485000,80833,0,16699,,
317,,194382,28,15,0,5,46,0,23,0,0,0,5,194465,38893,2,4593,,
318,,294284,22,8,0,6,48,3,9,2,6000,3000,4,214816,53704,0,10717,,
319,,224795,25,13,0,5,81,2,12,0,0,0,5,226000,45200,0,1332,,
320,,171933,35,23,0,9,96,0,23,1,16000,16000,8,351290,43911,1,21385,,
321,,717883,28,0,0,9,62,0,12,1,199000,199000,8,590000,73750,0,2831,,
322,,320215,54,2,0,4,27,0,8,0,0,0,4,328000,82000,0,5353,,
323,,70803,32,10,0,4,45,0,20,0,0,0,4,105487,26372,3,6644,,
324,,179535,41,18,0,8,88,2,16,5,57000,11400,3,120000,40000,1,10658,,
325,,427343,27,15,0,4,65,2,2,2,26715,13358,2,325000,162500,0,17404,,
326,,129127,22,0,0,7,81,4,17,1,8000,8000,6,125280,20880,0,662,,
327,,80635,20,0,0,10,33,5,3,9,36998,4111,1,50000,50000,0,2234,,
328,,184936,28,2,0,11,85,2,12,8,186000,23250,3,177316,59105,0,3274,,
329,,155611,25,0,0,8,72,0,18,2,79000,39500,6,110000,18333,1,2003,,
330,,32086,22,0,0,3,48,2,6,2,20000,10000,1,15000,15000,0,1859,,
331,,597759,30,5,0,6,47,0,23,1,30000,30000,5,450000,90000,0,10261,,
332,,144259,23,0,0,5,58,1,8,1,33000,33000,4,128000,32000,1,1881,,
333,,536176,27,13,0,6,66,0,15,0,0,0,6,342000,57000,1,44719,,
334,,-3,40,4,0,0,15,1,10,0,0,0,0,0,0,3,1208,,
335,,118521,33,13,0,4,49,0,7,0,0,0,4,135000,33750,5,10365,,
336,,-4,19,0,0,0,4,0,4,0,0,0,0,0,0,0,0,,
337,,67286,22,0,0,4,11,0,6,1,16000,16000,3,45000,15000,0,970,,
338,,47197,20,0,0,5,19,3,7,1,13000,13000,4,45000,11250,0,680,,
339,,47981,29,1,0,4,54,2,1,4,96000,24000,0,0,0,0,2000,,
340,,148731,27,6,0,2,38,0,2,1,15000,15000,1,152040,152040,0,3287,,
341,,293549,33,25,0,6,111,1,7,2,35000,17500,4,305000,76250,1,12663,,
342,,324784,27,9,0,3,75,0,2,1,100000,100000,2,250000,125000,0,12616,,
343,,54400,24,9,0,4,68,0,15,1,5000,5000,3,60000,20000,2,2741,,
344,,21859,22,0,0,2,9,1,1,1,10000,10000,1,15000,15000,0,3931,,
345,,516966,41,13,0,5,67,1,4,3,93000,31000,2,415000,207500,1,78387,,
346,,23473,22,1,0,1,27,1,2,1,30000,30000,0,0,0,0,2000,,
347,,284756,25,2,0,5,27,0,8,0,0,0,5,280000,56000,1,4306,,
348,,195345,21,1,0,9,45,7,9,9,203815,22646,0,0,0,0,950,,
349,,394356,30,2,0,2,41,2,5,1,12000,12000,1,200000,200000,0,1494,,
350,,176184,22,0,0,7,30,0,6,3,20000,6667,4,175000,43750,0,1174,,
351,,42434,24,4,0,4,48,0,5,0,0,0,4,133274,33319,3,1733,,
352,,65222,24,16,0,2,52,0,7,0,0,0,2,65000,32500,0,11313,,
353,,202756,34,15,0,8,60,0,25,1,5000,5000,7,220000,31429,2,23922,,
354,,42696,20,2,0,2,21,1,7,1,9000,9000,1,30000,30000,0,10407,,
355,,32369,27,0,0,4,46,4,14,4,56000,14000,0,0,0,0,7857,,
356,,337073,25,1,0,6,59,0,7,4,179000,44750,2,177700,88850,0,2150,,
357,,259450,46,18,0,5,44,0,10,0,0,0,5,255000,51000,0,13296,,
358,,128713,23,4,0,6,55,1,18,0,0,0,6,140000,23333,0,6208,,
359,,14073,22,0,0,2,11,0,8,0,0,0,2,15000,7500,0,830,,
360,,28027,21,0,0,2,11,1,1,2,28000,14000,0,0,0,0,715,,
361,,35891,36,0,0,2,2,0,2,0,0,0,2,30000,15000,0,0,,
362,,122444,21,5,0,6,30,2,16,1,20000,20000,5,109000,21800,0,1276,,
363,,479975,31,13,0,5,108,9,3,2,27000,13500,3,340000,113333,2,14553,,
364,,132121,38,5,0,5,24,0,11,0,0,0,5,160000,32000,2,3762,,
365,,47259,30,2,0,6,28,0,12,0,0,0,6,65000,10833,1,1268,,
366,,-4,22,0,0,0,2,0,2,0,0,0,0,0,0,0,0,,
367,,132303,27,25,0,6,79,3,17,0,0,0,6,162000,27000,1,11574,,
368,,1978,22,1,0,1,8,1,5,0,0,0,1,5000,5000,1,6221,,
369,,292695,28,10,0,12,91,0,6,6,142000,23667,6,172206,28701,1,886,,
370,,76769,19,0,0,5,21,3,10,1,7000,7000,4,66000,16500,0,642,,
371,,231897,28,10,0,6,81,0,12,1,12000,12000,5,235000,47000,0,10171,,
372,,242864,22,17,0,16,81,0,17,6,45000,7500,10,243374,24337,1,5205,,
373,,81708,27,9,0,4,53,0,7,1,20000,20000,3,150000,50000,1,6234,,
374,,51611,22,0,0,1,15,1,2,0,0,0,1,50000,50000,0,2700,,
375,,155246,25,1,0,7,33,1,12,3,12000,4000,4,156000,39000,0,968,,
376,,111457,24,0,0,2,19,0,4,0,0,0,2,110500,55250,0,2300,,
377,,182586,26,12,0,10,51,1,20,0,0,0,10,182000,18200,5,1086,,
378,,402774,37,22,0,10,129,1,26,3,64500,21500,7,475871,67982,0,10586,,
379,,108517,22,14,0,4,49,0,7,0,0,0,4,141000,35250,0,15574,,
380,,134446,23,3,0,4,48,0,30,3,30000,10000,9,330000,36667,0,10051,,
381,,190176,24,10,0,5,49,1,11,0,0,0,5,174000,34800,0,3688,,
382,,-4,26,0,0,0,4,1,1,0,0,0,0,0,0,0,0,,
383,,115884,23,1,0,6,40,9,10,3,30000,10000,3,80000,26667,0,7890,,
384,,28743,21,0,0,1,22,0,0,1,28000,28000,0,0,0,0,1675,,
385,,113989,21,0,0,2,16,0,4,1,18000,18000,1,99956,99956,0,3075,,
386,,101305,28,2,0,1,16,0,0,0,0,0,1,100000,100000,1,1818,,
387,,183517,29,0,0,2,25,1,0,1,27000,27000,1,170000,170000,0,500,,
388,,76345,29,9,0,2,16,0,6,0,0,0,2,60000,30000,6,20790,,
389,,311176,27,6,0,14,86,11,42,12,130000,10833,15,1276174,85078,0,2228,,
390,,262139,35,9,0,10,69,1,16,1,36000,36000,9,230000,25556,2,12705,,
391,,112362,20,8,0,7,52,0,20,1,5000,5000,6,114764,19127,2,2893,,
392,,118950,21,3,0,5,45,10,5,0,0,0,5,140000,28000,0,4633,,
393,,127354,27,0,0,4,25,0,2,4,123000,30750,0,0,0,0,5833,,
394,,-3,24,1,0,0,4,1,2,0,0,0,0,0,0,0,0,,
395,,318956,30,7,0,4,63,0,6,0,0,0,4,448052,112013,1,32403,,
396,,98090,24,2,0,4,53,0,12,0,0,0,4,110000,27500,0,5032,,
397,,9549,25,1,0,2,40,0,2,0,0,0,2,40000,20000,1,3710,,
398,,294841,36,1,0,6,32,0,4,2,40000,20000,4,267000,66750,0,5443,,
399,,81336,37,1,0,2,31,0,1,0,0,0,2,92000,46000,0,199696,,
400,,149446,27,9,0,6,49,0,6,0,0,0,6,160000,26667,1,9758,,
401,,17353,22,0,0,2,29,0,1,2,20000,10000,0,0,0,0,3250,,
402,,-4,19,0,0,0,7,2,5,0,0,0,0,0,0,0,0,,
403,,63588,20,0,0,7,22,2,8,3,11000,3667,4,55000,13750,0,1346,,
404,,131614,60,4,0,5,76,0,12,2,31000,15500,3,110000,36667,3,8469,,
405,,95063,30,0,0,3,35,0,1,4,202000,50500,2,70000,35000,0,2150,,
406,,-4,21,0,0,0,3,0,3,0,0,0,0,0,0,0,0,,
407,,425718,31,7,0,3,33,0,2,1,26000,26000,2,270000,135000,0,46072,,
408,,230413,30,16,0,7,96,0,24,1,61000,61000,6,161000,26833,0,4320,,
409,,244780,47,14,0,5,54,0,5,0,0,0,5,200000,40000,3,10920,,
410,,11265,28,2,0,2,27,0,3,0,0,0,2,25000,12500,0,457,,
411,,213095,26,1,0,3,46,0,4,1,23000,23000,2,250000,125000,1,4628,,
412,,433187,32,8,0,8,98,2,25,1,43000,43000,7,281000,40143,0,4099,,
413,,0,25,3,0,1,6,2,2,1,25000,25000,0,0,0,2,14985,,
414,,111180,22,1,0,5,28,1,17,0,0,0,5,115000,23000,0,1820,,
415,,246388,36,17,0,7,84,0,8,1,17000,17000,6,268000,44667,0,16516,,
416,,80169,24,3,0,2,29,0,9,0,0,0,2,90000,45000,2,5999,,
417,,158729,27,5,0,8,37,0,1,7,98000,14000,1,55000,55000,0,340,,
418,,-3,29,1,0,0,2,0,2,0,0,0,0,0,0,1,2000,,
419,,237631,22,3,0,3,47,0,4,2,86000,43000,1,150000,150000,0,2386,,
420,,128897,23,1,0,5,19,0,10,0,0,0,5,129967,25993,1,1062,,
421,,457526,38,19,0,8,102,3,29,1,21000,21000,7,458394,65485,1,16164,,
422,,-4,21,0,0,0,2,0,2,0,0,0,0,0,0,0,0,,
423,,59154,57,5,0,2,59,3,10,0,0,0,2,90000,45000,0,3807,,
424,,138605,33,6,0,3,70,0,19,0,0,0,3,191000,63667,1,21083,,
425,,379720,46,28,0,7,69,0,22,0,0,0,7,460000,65714,0,26324,,
426,,551311,39,19,0,8,117,1,20,2,15000,7500,6,508768,84795,2,13300,,
427,,246486,25,3,0,7,76,1,8,4,140000,35000,3,97625,32542,0,528,,
428,,181404,25,0,0,4,93,0,3,4,403000,100750,0,0,0,0,11287,,
429,,113288,26,10,0,2,54,6,7,0,0,0,2,120000,60000,2,18790,,
430,,206893,38,18,0,6,91,0,27,1,10000,10000,5,210000,42000,1,15002,,
431,,135723,25,0,0,4,23,0,5,0,0,0,4,371200,92800,0,3909,,
432,,476430,35,2,0,4,57,0,1,4,437766,109442,0,0,0,0,99100,,
433,,70915,21,3,0,4,30,0,9,0,0,0,4,106000,26500,0,8319,,
434,,426633,42,31,0,10,67,0,38,1,5000,5000,9,451779,50198,6,4326,,
435,,87229,24,6,0,5,43,1,21,0,0,0,5,88000,17600,0,4785,,
436,,218704,22,3,0,5,31,1,11,0,0,0,5,226000,45200,0,1541,,
437,,67414,21,4,0,4,18,0,4,2,10000,5000,2,90000,45000,2,7490,,
438,,329769,26,7,0,7,62,0,11,1,100000,100000,6,238000,39667,1,7043,,
439,,441807,47,3,0,12,95,0,9,6,360000,60000,6,87000,14500,3,2891,,
440,,41911,23,0,0,5,16,5,2,4,68800,17200,1,20000,20000,0,793,,
441,,173179,23,0,0,5,94,0,1,4,40000,10000,1,137000,137000,0,1660,,
442,,416012,33,14,0,9,104,0,11,2,197000,98500,7,252999,36143,1,4034,,
443,,446193,30,9,0,11,57,0,8,1,69000,69000,10,476000,47600,0,9242,,
444,,154548,26,2,0,7,77,0,9,1,15000,15000,6,170000,28333,1,4112,,
445,,27060,27,4,0,1,57,4,7,0,0,0,1,30000,30000,1,409,,
446,,279885,28,9,0,5,76,3,13,3,38000,12667,2,187000,93500,1,24083,,
447,,129716,20,1,0,3,28,3,8,0,0,0,3,130000,43333,0,1711,,
448,,221894,37,3,0,4,79,0,2,2,89000,44500,2,230000,115000,0,14271,,
449,,59863,21,3,0,5,45,2,14,0,0,0,5,55000,11000,1,586,,
450,,164434,42,9,0,2,10,0,3,0,0,0,2,120000,60000,1,14421,,
451,,302470,30,1,0,3,36,0,1,1,48000,48000,2,321600,160800,0,41210,,
452,,526822,40,12,0,11,103,0,23,4,189000,47250,7,351316,50188,0,10703,,
453,,10160,37,0,0,1,2,0,5,0,0,0,2,20000,10000,0,1950,,
454,,62804,22,5,0,7,61,0,7,4,19999,5000,3,55000,18333,1,1532,,
455,,119855,20,0,0,2,20,2,1,1,34000,34000,1,96988,96988,0,10150,,
456,,19331,19,0,0,2,32,1,12,1,8000,8000,1,10000,10000,0,0,,
457,,297384,32,21,0,7,178,0,65,1,5000,5000,6,272000,45333,0,25667,,
458,,201753,21,3,0,12,94,1,42,5,82000,16400,7,148000,21143,1,4638,,
459,,151499,27,2,0,3,14,0,6,0,0,0,3,140000,46667,0,4328,,
460,,155770,27,10,0,6,118,0,24,1,27000,27000,5,174921,34984,4,2985,,
461,,50278,20,2,0,3,29,2,3,2,29000,14500,1,20000,20000,0,4429,,
462,,134160,22,0,0,2,41,0,1,1,87000,87000,1,50000,50000,0,1783,,
463,,101327,20,1,0,4,40,0,13,1,12000,12000,3,95000,31667,0,757,,
464,,21999,25,18,0,2,108,4,15,1,22000,22000,1,20000,20000,3,13042,,
465,,66902,23,1,0,3,33,3,7,0,0,0,3,70000,23333,0,2729,,
466,,61491,24,2,0,3,33,1,10,0,0,0,3,65000,21667,1,8259,,
467,,370841,32,22,0,8,59,0,42,0,0,0,24,935946,38998,3,4843,,
468,,286657,27,7,0,7,70,5,16,2,20000,10000,5,219995,43999,1,25498,,
469,,1125209,41,18,0,10,128,0,23,0,0,0,10,1390862,139086,1,58342,,
470,,142803,26,2,0,6,61,3,0,6,312843,52141,0,0,0,0,1333,,
471,,56536,48,4,0,2,11,3,3,0,0,0,2,60000,30000,4,4279,,
472,,680289,41,23,0,8,66,1,18,0,0,0,8,523000,65375,0,50841,,
473,,22552,26,3,0,2,27,2,0,1,10000,10000,1,40000,40000,0,52107,,
474,,111250,27,6,0,3,31,0,11,0,0,0,3,110000,36667,4,5461,,
475,,100779,32,0,0,1,25,0,3,0,0,0,1,100000,100000,0,5700,,
476,,160174,21,2,0,2,40,0,4,1,120000,120000,1,70000,70000,0,6494,,
477,,189975,25,8,0,8,90,0,6,3,50000,16667,5,172000,34400,0,948,,
478,,192937,29,5,0,10,38,4,16,4,20000,5000,6,181000,30167,0,1959,,
479,,271085,28,4,0,3,37,0,9,1,42000,42000,2,160000,80000,0,20409,,
480,,377487,23,2,0,6,60,2,13,1,135000,135000,5,440100,88020,0,24698,,
481,,200108,35,5,0,4,34,0,12,0,0,0,4,282000,70500,0,13164,,
482,,410115,47,11,0,7,74,0,7,4,140000,35000,3,297000,99000,0,4607,,
483,,262237,28,10,0,10,104,0,18,2,126000,63000,8,230000,28750,0,16417,,
484,,129059,27,10,0,6,75,7,14,0,0,0,6,149541,24924,4,8213,,
485,,190844,30,9,0,5,113,3,25,0,0,0,5,216751,43350,0,18234,,
486,,169357,36,12,0,4,73,0,11,0,0,0,4,608886,152222,2,18393,,
487,,124334,26,8,0,5,77,0,8,2,29000,14500,3,110000,36667,1,3636,,
488,,205573,27,0,0,4,53,1,8,0,0,0,4,408000,102000,0,3246,,
489,,288313,26,7,0,6,96,0,9,1,36000,36000,5,250000,50000,1,6691,,
490,,85500,39,8,0,4,12,0,9,0,0,0,4,87000,21750,0,3963,,
491,,23964,30,9,0,3,54,1,10,0,0,0,3,95000,31667,3,7579,,
492,,28364,25,0,0,2,21,0,8,0,0,0,2,30000,15000,0,362,,
493,,33273,20,2,0,2,44,1,10,0,0,0,2,35000,17500,0,1375,,
494,,266655,26,8,0,7,60,0,30,0,0,0,7,275000,39286,3,1868,,
495,,93086,21,0,0,2,14,4,3,1,83000,83000,1,10000,10000,0,3175,,
496,,172073,28,9,0,10,61,9,1,9,135000,15000,1,40000,40000,2,13550,,
497,,0,31,1,0,1,1,0,0,0,0,0,1,10000,10000,1,0,,
498,,223966,23,10,0,6,66,2,19,0,0,0,6,233825,38971,0,2878,,
499,,117359,39,17,0,5,40,1,14,0,0,0,5,142290,28458,2,14926,,
500,,113032,28,0,0,3,27,1,2,1,10000,10000,2,130000,65000,0,2661,,
501,,5724,42,0,0,1,3,0,2,0,0,0,1,10000,10000,0,5739,,
502,,10150,23,0,0,1,13,0,7,0,0,0,1,10000,10000,0,1070,,
503,,203927,33,5,0,4,70,2,4,1,38000,38000,3,390000,130000,0,7975,,
504,,97756,27,10,0,2,61,1,10,0,0,0,2,140000,70000,7,7238,,
505,,350983,36,12,0,7,88,0,14,1,8000,8000,6,285000,47500,4,43590,,
506,,40328,21,2,0,4,41,0,5,0,0,0,4,92000,23000,0,5422,,
507,,36853,21,0,0,6,73,3,6,6,39000,6500,0,0,0,0,1912,,
508,,220236,36,22,0,5,79,1,15,0,0,0,5,170000,34000,4,6148,,
509,,257552,23,2,0,4,49,1,23,0,0,0,4,216000,54000,1,13120,,
510,,48798,19,0,0,3,9,0,4,0,0,0,3,50000,16667,0,1721,,
511,,19131,19,0,0,1,9,0,6,0,0,0,1,20000,20000,0,1320,,
512,,223510,49,11,0,3,19,0,7,1,40000,40000,2,170000,85000,0,6642,,
513,,0,22,0,0,1,36,0,1,1,10000,10000,0,0,0,0,0,,
514,,294707,32,24,0,12,189,1,61,4,54000,13500,8,290000,36250,1,8906,,
515,,17699,25,0,0,3,15,2,1,3,33000,11000,0,0,0,0,2818,,
516,,129942,24,1,0,3,22,0,3,0,0,0,3,130000,43333,0,3962,,
517,,772371,31,26,0,10,168,3,16,1,10000,10000,9,898087,99787,0,19380,,
518,,307471,26,15,0,8,119,2,29,0,0,0,8,345441,43180,2,17176,,
519,,191392,26,1,0,4,50,4,6,1,5000,5000,3,159000,53000,0,24092,,
520,,26000,22,1,0,1,18,0,3,0,0,0,1,26000,26000,0,8261,,
521,,0,36,0,0,1,13,0,4,0,0,0,1,5000,5000,0,0,,
522,,286319,28,13,0,7,79,1,15,0,0,0,7,251505,35929,0,16172,,
523,,39711,21,0,0,1,14,0,3,0,0,0,1,40000,40000,0,1970,,
524,,444355,28,4,0,9,60,0,13,3,43000,14333,5,387500,77500,1,31207,,
525,,18989,24,0,0,2,44,1,16,2,20000,10000,0,0,0,0,705,,
526,,338764,25,0,0,6,60,0,0,5,247000,49400,1,96000,96000,2,3341,,
527,,571888,28,14,0,7,111,2,14,5,178843,35769,2,400000,200000,2,21184,,
528,,11415,22,0,0,3,24,0,0,3,12000,4000,0,0,0,0,1098,,
529,,0,52,0,0,3,49,0,0,3,35000,11667,0,0,0,0,0,,
530,,159300,21,3,0,3,72,0,7,0,0,0,3,110000,36667,0,12969,,
531,,26455,20,0,0,2,20,1,2,1,13000,13000,1,10000,10000,0,500,,
532,,132942,24,4,0,3,44,0,10,0,0,0,3,130000,43333,1,4222,,
533,,104397,19,1,0,3,22,1,12,0,0,0,3,111000,37000,0,5594,,
534,,117607,28,4,0,5,76,0,23,0,0,0,5,180000,36000,3,4916,,
535,,312453,27,28,0,6,118,2,23,1,47000,47000,5,280000,56000,1,12745,,
536,,211068,40,4,0,6,73,1,11,1,32000,32000,5,1265000,253000,4,41178,,
537,,267448,35,9,0,3,53,0,2,1,23000,23000,2,260000,130000,0,33234,,
538,,98018,36,2,0,1,30,0,3,0,0,0,1,100000,100000,1,5354,,
539,,12998,25,5,0,1,22,0,0,1,20000,20000,0,0,0,1,2614,,
540,,127322,30,14,0,7,58,1,11,1,10000,10000,6,152061,25344,5,7213,,
541,,66560,19,1,0,4,23,3,11,0,0,0,4,75000,18750,0,1170,,
542,,292701,26,4,0,4,61,1,3,2,49000,24500,2,192000,96000,0,31309,,
543,,195608,25,0,0,5,25,2,0,4,58200,14550,1,205000,205000,0,3249,,
544,,123655,38,4,0,2,51,1,8,1,33000,33000,1,121000,121000,0,155,,
545,,113919,30,6,0,2,47,0,1,0,0,0,2,180000,90000,0,496,,
546,,79161,24,2,0,5,35,0,7,1,10000,10000,4,74999,18750,0,5109,,
547,,492461,28,1,0,2,68,1,2,2,407000,203500,0,0,0,0,4879,,
548,,305467,29,3,0,5,46,1,3,2,75000,37500,3,276000,92000,0,31087,,
549,,-3,30,2,0,0,14,0,1,0,0,0,0,0,0,2,6479,,
550,,40163,23,0,0,5,15,0,9,0,0,0,5,45000,9000,0,686,,
551,,272369,20,5,0,5,35,4,6,4,98000,24500,1,180000,180000,0,1541,,
552,,10041,26,0,0,1,4,1,2,1,10000,10000,0,0,0,0,100,,
553,,4851,21,0,0,1,12,1,2,1,8000,8000,0,0,0,0,0,,
554,,260401,35,1,0,5,41,1,11,7,128000,18286,6,402000,67000,0,60307,,
555,,287750,28,11,0,7,56,2,7,3,40000,13333,4,246908,61727,1,29397,,
556,,346737,31,24,0,10,111,4,6,3,94000,31333,7,383425,54775,1,1200,,
557,,7108,21,1,0,3,33,5,0,3,30000,10000,0,0,0,0,939,,
558,,195354,30,4,0,7,137,3,11,4,117000,29250,3,100000,33333,0,3723,,
559,,218978,27,0,0,2,54,0,5,1,174000,174000,1,50000,50000,0,1200,,
560,,302985,23,0,0,3,16,0,3,0,0,0,3,220000,73333,0,3222,,
561,,134992,28,5,0,6,50,0,14,1,18000,18000,5,130000,26000,0,2314,,
562,,4905,19,0,0,1,5,3,1,1,5000,5000,0,0,0,0,0,,
563,,8358,23,0,0,1,4,0,0,1,10000,10000,0,0,0,0,1720,,
564,,0,26,4,0,2,13,4,3,0,0,0,2,25000,12500,2,1781,,
565,,240446,23,5,0,6,44,0,8,0,0,0,6,262783,43797,0,2528,,
566,,28925,32,0,0,3,44,0,0,2,100000,50000,1,5000,5000,0,333,,
567,,314203,22,3,0,3,63,1,2,1,30000,30000,2,238604,119302,0,58537,,
568,,93687,25,0,0,5,9,1,4,1,10000,10000,4,85000,21250,0,851,,
569,,8996,24,0,0,1,42,0,1,1,10000,10000,0,0,0,0,6500,,
570,,57531,22,4,0,4,37,1,8,0,0,0,4,55000,13750,0,825,,
571,,80594,26,6,0,6,82,2,9,1,20000,20000,5,73120,14624,0,2784,,
572,,468847,41,8,0,5,50,0,5,0,0,0,5,461000,92200,0,9586,,
573,,57130,23,0,0,2,16,1,1,1,5000,5000,1,50000,50000,0,0,,
574,,90552,24,4,0,2,19,0,0,1,25000,25000,1,98070,98070,3,5095,,
575,,175827,33,2,0,7,30,0,13,1,5000,5000,6,144999,24167,0,8479,,
576,,131133,35,4,0,4,27,0,4,0,0,0,4,183975,45994,0,3070,,
577,,167099,22,1,0,7,35,0,25,0,0,0,7,188859,26980,0,2109,,
578,,9428,28,0,0,3,3,2,0,3,12000,4000,0,0,0,0,0,,
579,,140013,38,3,0,3,28,4,3,0,0,0,3,140000,46667,1,2299,,
580,,198270,21,1,0,2,39,0,3,2,197000,98500,0,0,0,0,2481,,
581,,14715,32,0,0,2,15,0,0,2,21000,10500,0,0,0,0,479,,
582,,719718,34,6,0,9,50,1,8,8,595000,74375,1,273000,273000,0,3162,,
583,,60504,21,4,0,5,35,1,7,0,0,0,5,80000,16000,1,5516,,
584,,187758,23,3,0,5,36,3,13,1,65000,65000,4,140000,35000,0,6509,,
585,,68997,21,1,0,2,21,0,10,0,0,0,2,70000,35000,0,4681,,
586,,110171,25,0,0,6,47,1,2,3,96000,32000,3,160000,53333,0,1086,,
587,,142581,27,9,0,5,52,0,11,0,0,0,5,203000,40600,0,19962,,
588,,169222,30,4,0,5,33,0,1,3,52000,17333,2,170000,85000,1,25548,,
589,,112468,21,3,0,5,39,1,16,0,0,0,5,115000,23000,0,924,,
590,,39342,52,3,0,1,18,0,0,1,40000,40000,0,0,0,0,15000,,
591,,107560,23,15,0,5,97,2,25,0,0,0,5,115000,23000,2,6369,,
592,,39622,20,1,0,3,27,0,12,0,0,0,3,44000,14667,1,4270,,
593,,149492,32,4,0,5,33,0,9,0,0,0,5,148109,29622,1,3492,,
594,,80454,25,2,0,10,65,5,1,10,93000,9300,0,0,0,0,291,,
595,,173578,27,11,0,9,62,0,17,1,13000,13000,8,267265,33408,6,11455,,
596,,48490,27,2,0,1,26,0,1,1,47000,47000,0,0,0,0,3083,,
597,,434874,30,15,0,3,100,0,10,1,39000,39000,2,400000,200000,2,47006,,
598,,19997,22,0,0,1,5,1,4,0,0,0,1,20000,20000,0,1017,,
599,,333141,27,7,0,15,124,1,9,8,260000,32500,7,307210,43887,1,899,,
600,,270871,39,12,0,12,112,1,27,3,66000,22000,9,319000,35444,0,6388,,
601,,430603,27,16,0,3,48,0,6,0,0,0,3,340000,113333,1,12301,,
602,,621296,30,2,0,6,94,1,9,3,318000,106000,3,310000,103333,0,10999,,
603,,55342,21,0,0,2,13,2,1,0,0,0,2,60000,30000,0,1977,,
604,,894729,27,15,0,15,131,0,37,5,109000,21800,10,791683,79168,0,14742,,
605,,150374,25,5,0,6,39,0,11,0,0,0,6,164999,27500,0,2168,,
606,,13018,20,0,0,1,16,1,7,0,0,0,1,15000,15000,0,1588,,
607,,411851,40,7,0,7,105,2,6,2,35000,17500,5,435000,87000,0,6595,,
608,,111281,43,2,0,5,32,1,12,0,0,0,5,114965,22993,0,1294,,
609,,-3,22,10,0,0,3,0,1,0,0,0,0,0,0,2,1004,,
610,,68352,23,0,0,5,23,0,8,1,10000,10000,4,62000,15500,0,367,,
611,,136685,24,5,0,7,38,7,7,6,103869,17312,1,44000,44000,2,7605,,
612,,139807,34,4,0,5,26,0,2,3,31333,10444,2,120000,60000,1,7116,,
613,,20000,29,3,0,3,13,0,10,0,0,0,3,56000,18667,2,5037,,
614,,447,24,0,0,2,39,1,10,1,10000,10000,1,20000,20000,0,10508,,
615,,32775,21,0,0,5,21,4,3,4,36000,9000,1,30000,30000,0,5295,,
616,,49812,29,3,0,3,41,0,13,2,40000,20000,4,80000,20000,0,4462,,
617,,332284,25,12,0,10,96,0,15,2,20000,10000,8,462500,57813,1,11464,,
618,,246112,27,0,0,6,39,1,7,1,10000,10000,5,289500,57900,0,2345,,
619,,70388,30,4,0,1,28,0,2,0,0,0,1,70000,70000,0,749,,
620,,110790,23,4,0,6,57,0,11,1,18000,18000,5,100000,20000,0,2016,,
621,,124242,21,8,0,8,60,0,24,0,0,0,8,126000,15750,1,2042,,
622,,82245,52,5,0,4,39,0,4,0,0,0,4,77988,19497,0,1045,,
623,,63203,23,0,0,5,25,2,11,0,0,0,5,85000,17000,0,358,,
624,,148771,22,0,0,3,34,1,3,1,22000,22000,2,155000,77500,0,3443,,
625,,15148,21,0,0,1,22,0,1,0,0,0,1,15000,15000,0,1100,,
626,,998274,34,2,0,6,112,0,1,3,347000,115667,3,1240000,413333,0,20013,,
627,,81120,23,0,0,2,42,0,0,1,74000,74000,1,20000,20000,0,736,,
628,,443815,35,24,0,7,75,0,13,1,52000,52000,6,403000,67167,2,19440,,
629,,273223,27,5,0,8,79,1,7,3,81000,27000,5,197000,39400,0,12582,,
630,,9935,19,0,0,1,4,1,2,1,10000,10000,0,0,0,0,0,,
631,,318694,30,6,0,2,47,0,7,0,0,0,2,259615,129808,0,8177,,
632,,47293,23,0,0,2,4,1,3,1,10000,10000,1,40000,40000,0,2176,,
633,,4936,20,0,0,2,9,1,0,2,20000,10000,0,0,0,0,219,,
634,,190531,60,7,0,5,133,3,5,3,63000,21000,2,152000,76000,1,25343,,
635,,22008,19,0,0,2,21,2,7,1,10000,10000,1,15000,15000,0,895,,
636,,68886,27,1,0,1,12,0,0,1,70000,70000,0,0,0,0,1105,,
637,,46698,31,18,0,3,81,0,13,1,10000,10000,2,50000,25000,3,16219,,
638,,855338,54,8,0,7,46,1,28,1,100000,100000,6,590000,98333,3,11526,,
639,,201214,35,25,0,5,49,0,3,1,18000,18000,4,177124,44281,6,1499,,
640,,205641,23,11,0,4,73,1,7,0,0,0,4,205000,51250,3,22138,,
641,,152096,28,13,0,7,58,8,16,3,38000,12667,4,164336,41084,3,2016,,
642,,104520,22,0,0,1,20,0,3,0,0,0,1,100000,100000,0,0,,
643,,319101,51,12,0,9,47,0,14,3,41000,13667,6,300000,50000,0,25662,,
644,,79878,25,13,0,4,50,0,9,0,0,0,4,115000,28750,4,11777,,
645,,106205,20,0,0,5,28,9,2,4,32000,8000,1,60000,60000,0,2281,,
646,,464904,33,3,0,6,50,1,1,4,212000,53000,2,350000,175000,0,2981,,
647,,68415,23,0,0,5,28,4,5,2,21000,10500,3,67500,22500,0,2270,,
648,,60931,20,4,0,6,51,1,20,1,10000,10000,5,58000,11600,0,2513,,
649,,124688,29,8,0,5,34,5,18,1,15000,15000,4,85000,21250,1,5117,,
650,,810061,44,23,0,9,96,1,34,1,20000,20000,8,685000,85625,1,29740,,
651,,220673,25,3,0,5,80,0,6,3,120000,40000,2,136212,68106,0,538,,
652,,147580,50,7,0,5,51,0,15,2,25000,12500,3,125000,41667,0,20730,,
653,,112391,25,3,0,5,77,0,10,3,66568,22189,2,60000,30000,0,5202,,
654,,378294,51,12,0,5,49,1,22,0,0,0,5,265000,53000,1,19417,,
655,,95988,24,4,0,7,28,1,21,0,0,0,7,90000,12857,0,1500,,
656,,32618,19,0,0,2,10,0,9,0,0,0,2,35000,17500,0,1205,,
657,,49806,24,8,0,1,22,0,5,0,0,0,1,35000,35000,1,23298,,
658,,54893,21,6,0,2,35,0,3,0,0,0,2,60000,30000,4,13354,,
659,,122049,25,7,0,5,70,0,26,1,17000,17000,4,110000,27500,1,12368,,
660,,418926,23,0,0,5,40,1,15,1,107000,107000,4,290000,72500,0,3599,,
661,,368862,35,23,0,11,185,3,53,2,205000,102500,9,270000,30000,2,15995,,
662,,32282,36,7,0,3,39,0,0,3,120000,40000,0,0,0,0,2596,,
663,,82390,23,5,0,3,31,0,11,0,0,0,3,87581,29194,0,3177,,
664,,10000,26,5,0,2,51,0,1,0,0,0,2,110000,55000,1,5457,,
665,,285645,52,24,0,6,54,0,10,0,0,0,6,355000,59167,2,32974,,
666,,0,36,6,0,1,4,1,2,0,0,0,1,50000,50000,3,21869,,
667,,519248,59,10,0,5,97,1,7,2,112000,56000,3,411288,137096,0,20222,,
668,,100958,26,18,0,4,56,1,21,0,0,0,4,90000,22500,1,12504,,
669,,194921,29,1,0,4,46,0,5,1,91000,91000,3,120000,40000,0,2405,,
670,,10130,21,0,0,1,8,5,3,0,0,0,1,10000,10000,0,0,,
671,,536139,54,7,0,11,70,0,13,4,235000,58750,7,535000,76429,0,5466,,
672,,10506,33,0,0,2,5,0,2,2,15000,7500,0,0,0,0,2635,,
673,,56579,20,0,0,2,35,2,10,0,0,0,2,60000,30000,0,1511,,
674,,39734,24,0,0,2,9,2,9,4,45000,11250,1,25000,25000,0,1220,,
675,,273447,31,22,0,10,109,0,22,2,112000,56000,8,235660,29458,1,882,,
676,,24554,22,0,0,3,50,1,0,3,25000,8333,0,0,0,0,467,,
677,,192907,36,23,0,3,41,0,6,0,0,0,3,195000,65000,3,46785,,
678,,434015,33,28,0,11,106,0,4,2,65000,32500,9,742715,82524,4,17696,,
679,,96758,22,9,0,4,36,0,9,0,0,0,4,87000,21750,0,4513,,
680,,35862,18,0,0,1,18,11,3,0,0,0,1,40000,40000,0,6000,,
681,,19861,19,0,0,1,5,1,4,0,0,0,1,20000,20000,0,884,,
682,,381658,46,7,0,4,95,1,13,1,70000,70000,3,310915,103638,0,11632,,
683,,180948,24,4,0,6,43,0,10,0,0,0,6,201997,33666,0,12440,,
684,,114544,30,1,0,2,44,0,0,0,0,0,2,130000,65000,1,1846,,
685,,129911,24,13,0,10,77,0,8,2,18000,9000,8,125000,15625,0,805,,
686,,347037,27,17,0,12,104,1,21,1,46000,46000,11,418874,38079,1,4191,,
687,,1015275,64,16,0,14,123,0,22,3,255000,85000,11,732880,66625,0,16812,,
688,,11112,32,0,0,1,30,1,0,1,10000,10000,0,0,0,0,1400,,
689,,130251,22,0,0,5,28,4,4,3,90000,30000,2,40000,20000,0,897,,
690,,39808,23,2,0,1,25,0,2,0,0,0,1,50000,50000,0,27645,,
691,,0,34,10,0,1,37,3,16,0,0,0,1,40000,40000,7,2472,,
692,,22145,30,8,0,4,42,0,2,1,5000,5000,3,35000,11667,2,2504,,
693,,23818,20,0,0,2,15,2,15,0,0,0,5,100000,20000,0,934,,
694,,0,27,7,0,1,23,0,1,0,0,0,1,50000,50000,5,15208,,
695,,31407,46,0,0,4,24,2,0,4,70000,17500,0,0,0,0,290,,
696,,130301,23,1,0,1,54,2,1,0,0,0,1,130000,130000,0,5972,,
697,,478675,62,10,0,4,68,0,9,1,20000,20000,3,378000,126000,0,31465,,
698,,274700,33,13,0,10,106,1,12,2,35000,17500,8,300282,37535,1,9712,,
699,,8612,23,0,0,1,3,2,0,1,10000,10000,0,0,0,0,799,,
700,,82126,22,0,0,5,16,0,8,0,0,0,5,105000,21000,0,4479,,
701,,28776,20,0,0,1,11,0,3,0,0,0,1,30000,30000,0,2000,,
702,,204678,39,21,0,5,49,2,15,1,10000,10000,4,220000,55000,2,25808,,
703,,184391,28,2,0,5,49,6,8,1,20000,20000,4,169000,42250,0,9100,,
704,,195290,29,2,0,7,42,1,21,0,0,0,7,220000,31429,0,3623,,
705,,471706,23,1,0,11,69,1,11,4,61000,15250,7,540000,77143,0,2558,,
706,,68414,53,2,0,3,18,1,6,1,18000,18000,2,50000,25000,1,5652,,
707,,204725,25,9,0,7,70,1,6,2,74000,37000,5,155000,31000,0,9706,,
708,,222950,24,2,0,7,49,0,5,3,29000,9667,4,240000,60000,0,556,,
709,,102850,28,1,0,3,16,1,5,0,0,0,3,102000,34000,0,2410,,
710,,243564,36,4,0,6,51,0,6,1,70000,70000,5,244094,48819,1,3625,,
711,,187320,26,9,0,11,145,3,21,10,291000,29100,1,40000,40000,0,1133,,
712,,17935,20,2,0,12,69,3,3,12,57998,4833,0,0,0,0,1053,,
713,,150314,22,8,0,4,61,2,4,2,20000,10000,2,130000,65000,0,26946,,
714,,154039,26,13,0,5,90,1,14,1,30000,30000,4,155000,38750,0,4698,,
715,,169717,23,15,0,8,53,0,18,1,5000,5000,7,160671,22953,3,4260,,
716,,155025,30,5,0,6,43,0,12,0,0,0,6,140000,23333,3,882,,
717,,88689,28,2,0,2,65,1,2,1,91000,91000,1,113300,113300,0,16741,,
718,,86016,25,2,0,3,80,0,3,0,0,0,3,110000,36667,0,7068,,
719,,225751,24,3,0,7,38,7,13,3,25000,8333,4,180000,45000,2,846,,
720,,14870,26,1,0,1,64,7,32,0,0,0,2,40000,20000,2,4725,,
721,,207952,42,5,0,8,57,0,12,1,20000,20000,7,160000,22857,2,17482,,
722,,19572,21,0,0,1,13,0,0,1,20000,20000,0,0,0,0,1650,,
723,,409022,28,2,0,10,67,5,11,8,289200,36150,2,620000,310000,0,2823,,
724,,172477,49,8,0,3,63,0,4,2,142000,71000,1,47025,47025,1,28800,,
725,,128376,29,8,0,6,43,0,11,0,0,0,6,116477,19413,0,7108,,
726,,33739,36,2,0,2,8,0,2,0,0,0,2,35000,17500,2,1819,,
727,,178959,23,1,0,6,18,0,11,1,86000,86000,5,80000,16000,0,943,,
728,,0,46,1,0,1,19,1,2,0,0,0,1,15000,15000,1,0,,
729,,77206,19,0,0,2,36,4,11,0,0,0,2,80000,40000,0,2396,,
730,,215017,27,5,0,9,100,0,5,1,23000,23000,8,350000,43750,0,5704,,
731,,615551,30,7,0,12,128,1,3,8,122000,15250,4,380000,95000,0,12320,,
732,,18550,20,0,0,2,32,2,0,2,18000,9000,0,0,0,0,314,,
733,,10190,26,0,0,1,18,2,11,0,0,0,1,10000,10000,0,1100,,
734,,149828,27,3,0,7,62,1,22,1,45000,45000,6,126000,21000,1,2465,,
735,,230729,28,18,0,7,69,0,15,1,8000,8000,6,215000,35833,0,8879,,
736,,136769,30,1,0,2,52,0,10,1,116000,116000,1,30000,30000,0,2179,,
737,,186988,27,30,0,11,84,1,34,1,20000,20000,10,225000,22500,3,5235,,
738,,112772,21,9,0,5,44,0,10,0,0,0,5,112813,22563,0,4014,,
739,,242734,41,9,0,7,61,0,27,0,0,0,7,356000,50857,3,13117,,
740,,107632,24,3,0,5,46,0,5,0,0,0,5,155000,31000,1,10530,,
741,,27092,24,0,0,2,7,2,3,1,10000,10000,1,20000,20000,0,2000,,
742,,75706,21,1,0,9,86,7,8,7,52000,7429,2,45000,22500,0,4213,,
743,,49752,22,3,0,2,36,0,12,0,0,0,2,50000,25000,1,2750,,
744,,343472,38,5,0,6,87,0,2,4,89000,22250,2,258750,129375,0,726,,
745,,179864,30,26,0,9,115,0,14,0,0,0,9,275663,30629,0,5098,,
746,,110599,23,1,0,4,40,0,12,0,0,0,4,130000,32500,1,8615,,
747,,257534,34,9,0,9,64,1,7,4,20000,5000,5,213000,42600,0,4968,,
748,,267544,37,7,0,7,105,0,6,0,0,0,7,444000,63429,0,25571,,
749,,136046,24,7,0,8,73,0,14,0,0,0,8,148000,18500,1,4700,,
750,,116787,24,8,0,8,113,5,1,8,289000,36125,0,0,0,0,879,,
751,,97981,24,0,0,4,33,1,12,0,0,0,4,100000,25000,0,1494,,
752,,16988,27,0,0,2,7,6,0,2,50000,25000,0,0,0,0,0,,
753,,54296,24,16,0,4,54,1,20,1,10000,10000,3,45000,15000,1,5597,,
754,,362777,23,7,0,7,96,0,16,2,20000,10000,5,320000,64000,2,22102,,
755,,9044,21,0,0,2,13,0,3,2,13000,6500,0,0,0,0,6250,,
756,,28976,23,3,0,1,4,0,4,1,36000,36000,0,0,0,1,549,,
757,,177228,28,5,0,5,89,0,19,6,252000,42000,4,188836,47209,0,3445,,
758,,104597,34,27,0,8,92,0,24,0,0,0,8,140166,17521,1,7595,,
759,,319253,25,2,0,8,99,5,15,4,140000,35000,4,194620,48655,0,11470,,
760,,0,23,0,0,1,12,1,2,1,8000,8000,0,0,0,0,0,,
761,,101304,20,0,0,3,33,1,19,0,0,0,3,109823,36608,0,2598,,
762,,196863,32,2,0,4,68,0,0,1,8000,8000,3,249995,83332,0,2881,,
763,,18607,34,2,0,1,14,0,4,1,28000,28000,0,0,0,0,5134,,
764,,341432,44,9,0,7,89,0,14,1,17000,17000,6,337297,56216,0,30110,,
765,,100780,28,3,0,5,34,0,8,0,0,0,5,110000,22000,1,2480,,
766,,47077,25,1,0,2,34,4,11,1,10000,10000,1,40000,40000,0,1047,,
767,,165918,24,0,0,2,34,0,2,0,0,0,2,170000,85000,0,3380,,
768,,137950,27,6,0,8,63,2,12,4,60000,15000,10,240000,24000,2,2866,,
769,,101292,23,4,0,3,56,2,2,1,10000,10000,2,90000,45000,1,6337,,
770,,236554,28,4,0,6,26,0,7,0,0,0,6,240000,40000,1,4117,,
771,,68618,22,3,0,3,37,1,8,0,0,0,3,90000,30000,0,4843,,
772,,49138,22,10,0,3,99,3,8,2,49800,24900,1,20000,20000,4,2600,,
773,,25022,18,0,0,2,14,5,8,1,5000,5000,1,15000,15000,0,648,,
774,,52054,26,0,0,1,22,1,0,0,0,0,1,49993,49993,0,0,,
775,,47909,26,1,0,3,53,4,4,3,91000,30333,0,0,0,1,505,,
776,,61657,41,0,0,2,16,1,6,2,65000,32500,0,0,0,0,600,,
777,,348562,26,3,0,7,73,0,11,2,72000,36000,5,253000,50600,1,16817,,
778,,193157,27,10,0,6,73,2,16,1,5000,5000,5,240940,48188,1,4213,,
779,,76776,32,1,0,2,25,0,1,1,66000,66000,1,20000,20000,0,450,,
780,,77838,19,0,0,3,49,5,5,2,20000,10000,1,50000,50000,0,1650,,
781,,18496,25,8,0,2,24,0,1,0,0,0,2,27000,13500,0,2440,,
782,,151918,23,1,0,2,24,0,0,0,0,0,2,158000,79000,0,12723,,
783,,61170,32,0,0,5,40,0,6,3,32000,10667,2,40000,20000,0,1281,,
784,,0,25,6,0,1,6,0,1,0,0,0,1,5000,5000,5,2196,,
785,,148261,25,2,0,7,95,1,11,4,86000,21500,3,186000,62000,0,5435,,
786,,70444,39,6,0,3,32,1,28,0,0,0,3,55000,18333,0,2741,,
787,,56731,26,0,0,4,29,3,4,4,49000,12250,0,0,0,0,0,,
788,,51499,23,3,0,2,62,1,32,0,0,0,8,193000,24125,2,9385,,
789,,69517,26,0,0,3,14,1,5,1,10000,10000,2,70000,35000,0,1806,,
790,,308077,30,9,0,7,83,3,40,1,139000,139000,6,146300,24383,0,6118,,
791,,14060,19,0,0,4,54,4,3,4,35000,8750,0,0,0,0,1086,,
792,,1418422,40,6,0,6,76,3,0,2,212000,106000,4,1232000,308000,0,53135,,
793,,95011,21,0,0,4,9,3,5,1,5000,5000,3,90000,30000,0,125,,
794,,136245,21,0,0,5,50,2,11,4,44000,11000,1,121000,121000,0,4715,,
795,,188983,33,0,0,6,47,0,4,4,108000,27000,2,100000,50000,1,1276,,
796,,203768,20,2,0,4,42,3,7,2,40000,20000,2,140000,70000,0,18201,,
797,,365523,26,11,0,2,67,0,2,0,0,0,2,360000,180000,1,23773,,
798,,95461,19,10,0,7,75,11,23,2,6000,3000,5,83000,16600,1,1001,,
799,,-3,23,1,0,0,17,0,9,0,0,0,0,0,0,0,4483,,
800,,54993,27,5,0,2,38,0,3,0,0,0,2,56000,28000,2,2702,,
801,,9516,29,0,0,5,78,0,0,5,397000,79400,0,0,0,0,1616,,
802,,110876,29,4,0,6,51,0,1,2,64000,32000,4,95000,23750,0,3792,,
803,,166853,23,0,0,6,40,0,11,1,10000,10000,5,151500,30300,0,1099,,
804,,-3,29,9,0,0,6,0,4,0,0,0,0,0,0,1,8243,,
805,,225482,29,9,0,3,26,0,14,0,0,0,3,163336,54445,3,5268,,
806,,181557,44,13,0,6,91,2,23,0,0,0,6,242400,40400,0,7074,,
807,,52569,29,2,0,3,14,3,11,2,15000,7500,1,30000,30000,1,3800,,
808,,9623,18,0,0,1,10,7,0,1,10000,10000,0,0,0,0,9994,,
809,,22844,28,2,0,4,12,1,3,1,5000,5000,3,33000,11000,0,528,,
810,,103222,31,3,0,2,28,2,4,0,0,0,2,115000,57500,1,10209,,
811,,16124,42,2,0,2,8,0,1,1,55000,55000,1,100000,100000,0,44621,,
812,,319980,21,1,0,3,51,1,2,1,18000,18000,2,210000,105000,0,29812,,
813,,184194,25,8,0,6,91,1,24,0,0,0,6,213000,35500,0,11572,,
814,,244549,29,8,0,8,82,0,1,3,83000,27667,5,145552,29110,0,1479,,
815,,123530,31,2,0,2,25,1,0,1,93000,93000,1,190000,190000,0,2707,,
816,,246,23,1,0,1,25,1,2,0,0,0,1,20000,20000,2,2590,,
817,,357079,29,3,0,3,40,0,5,2,420000,210000,4,238000,59500,0,4536,,
818,,106239,27,7,0,7,96,5,7,0,0,0,7,337000,48143,1,1599,,
819,,516258,25,4,0,4,57,0,11,1,20000,20000,3,412000,137333,0,27620,,
820,,511508,35,20,0,6,44,0,14,1,30000,30000,5,330000,66000,5,46694,,
821,,218743,36,13,0,5,53,0,3,0,0,0,5,295000,59000,0,7247,,
822,,19398,20,0,0,2,9,3,6,2,20000,10000,0,0,0,0,1500,,
823,,107502,46,5,0,2,39,2,11,0,0,0,2,105000,52500,1,6182,,
824,,10666,21,0,0,2,56,0,1,2,20000,10000,0,0,0,0,2250,,
825,,84070,21,2,0,6,44,10,28,0,0,0,6,83000,13833,0,3236,,
826,,10504,19,0,0,6,27,1,1,6,26000,4333,0,0,0,0,103,,
827,,10642,41,0,0,1,5,4,0,1,10000,10000,0,0,0,0,8000,,
828,,105612,47,0,0,3,14,0,4,0,0,0,3,100500,33500,0,933,,
829,,48373,23,0,0,3,27,1,2,3,50000,16667,0,0,0,0,854,,
830,,213561,23,2,0,5,66,1,8,2,48000,24000,3,162250,54083,0,686,,
831,,275886,32,13,0,6,79,0,3,3,194000,64667,3,87000,29000,0,1422,,
832,,303272,29,8,0,3,60,0,2,1,40000,40000,2,230000,115000,0,1650,,
833,,137488,29,9,0,4,51,0,11,0,0,0,4,150000,37500,0,11486,,
834,,79355,31,1,0,2,5,1,4,0,0,0,2,85000,42500,0,3110,,
835,,143260,29,20,0,8,51,0,7,0,0,0,8,291054,36382,0,44953,,
836,,351087,28,28,0,7,63,0,20,0,0,0,7,316815,45259,1,4082,,
837,,9898,25,2,0,1,16,1,8,1,10000,10000,0,0,0,1,8111,,
838,,659245,29,8,0,6,138,2,0,4,234000,58500,2,592000,296000,0,36199,,
839,,206727,32,7,0,5,67,1,7,0,0,0,5,249996,49999,1,6680,,
840,,117899,25,10,0,7,79,0,12,1,20000,20000,6,115000,19167,2,5653,,
841,,68671,23,4,0,3,42,1,6,0,0,0,3,90000,30000,2,7941,,
842,,86098,27,2,0,2,11,0,10,0,0,0,2,70000,35000,0,2624,,
843,,18032,23,5,0,1,34,2,3,0,0,0,1,20000,20000,4,6498,,
844,,26254,22,0,0,2,6,0,3,0,0,0,2,30000,15000,0,1363,,
845,,10169,28,0,0,1,2,0,2,0,0,0,1,10000,10000,0,0,,
846,,207719,33,10,0,4,69,0,5,1,41000,41000,3,150000,50000,2,2468,,
847,,124334,32,0,0,4,31,0,12,0,0,0,4,125000,31250,0,1565,,
848,,440790,27,4,0,14,108,3,16,8,170684,21336,6,273000,45500,0,4071,,
849,,49656,18,0,0,3,23,7,8,2,29000,14500,1,20000,20000,0,5093,,
850,,39511,26,16,0,1,57,1,6,0,0,0,1,40000,40000,5,25408,,
851,,175871,24,8,0,3,99,0,9,1,55000,55000,2,169999,85000,0,20879,,
852,,239975,25,9,0,11,113,0,8,5,115878,23176,6,196996,32833,1,5782,,
853,,157448,30,7,0,5,34,1,8,2,15000,7500,3,110000,36667,1,2988,,
854,,513323,25,1,0,6,63,0,18,1,237000,237000,5,290000,58000,0,17695,,
855,,325716,30,6,0,3,38,2,2,1,36000,36000,2,290000,145000,0,82218,,
856,,153846,21,4,0,6,38,2,6,2,20000,10000,4,132000,33000,1,938,,
857,,17334,20,0,0,2,47,1,0,2,20000,10000,0,0,0,0,1500,,
858,,54224,54,1,0,3,17,0,10,0,0,0,3,65000,21667,0,5725,,
859,,238511,26,8,0,6,108,0,5,2,29000,14500,4,214727,53682,1,9177,,
860,,1394943,37,10,0,5,36,0,13,0,0,0,5,955000,191000,0,64889,,
861,,630442,49,10,0,11,112,2,20,4,35000,8750,7,520000,74286,1,15170,,
862,,138673,27,0,0,1,48,1,0,1,171000,171000,0,0,0,0,6000,,
863,,121840,22,4,0,2,45,0,9,0,0,0,2,105000,52500,0,13245,,
864,,319598,29,11,0,2,71,1,12,0,0,0,2,230000,115000,0,1761,,
865,,143305,21,3,0,3,71,0,4,1,10000,10000,2,131000,65500,0,13424,,
866,,181266,26,4,0,2,61,0,1,0,0,0,2,225536,112768,3,20301,,
867,,138131,29,25,0,8,49,5,9,3,15000,5000,5,200000,40000,0,11873,,
868,,161018,31,0,0,5,68,4,9,3,103000,34333,2,78000,39000,0,1198,,
869,,116356,28,2,0,3,53,2,6,1,27900,27900,2,150000,75000,0,6800,,
870,,381966,28,13,0,11,84,0,11,4,46000,11500,7,371500,53071,1,4149,,
871,,370176,41,7,0,4,103,0,4,1,30000,30000,3,377200,125733,0,46736,,
872,,303811,26,7,0,7,72,0,5,2,65000,32500,5,278000,55600,0,5956,,
873,,255994,38,29,0,6,54,0,18,0,0,0,6,195000,32500,0,6987,,
874,,145983,30,16,0,5,94,0,2,3,105000,35000,2,188000,94000,2,5854,,
875,,397641,36,7,0,11,73,0,7,6,262000,43667,5,372000,74400,0,5021,,
876,,66891,25,6,0,3,54,0,2,2,36000,18000,4,349961,87490,0,7286,,
877,,370576,28,3,0,8,79,2,3,3,105000,35000,5,680825,136165,0,11680,,
878,,151356,29,9,0,4,65,0,4,1,25000,25000,3,123000,41000,0,1084,,
879,,199832,37,6,0,2,23,0,5,0,0,0,2,165000,82500,0,21689,,
880,,5000,22,1,0,1,8,1,2,1,10000,10000,0,0,0,0,7779,,
881,,210060,37,4,0,5,60,0,2,2,20000,10000,3,180000,60000,0,62181,,
882,,282817,43,18,0,6,46,0,24,0,0,0,6,282128,47021,1,12198,,
883,,265143,21,21,0,7,119,3,18,2,65000,32500,5,210000,42000,0,7333,,
884,,156468,24,3,0,2,21,0,4,0,0,0,2,110000,55000,0,13622,,
885,,411212,36,5,0,3,115,3,7,1,36000,36000,2,231000,115500,1,28767,,
886,,468259,34,6,0,6,85,1,6,1,30000,30000,5,540000,108000,0,46820,,
887,,54472,27,3,0,5,34,0,19,0,0,0,5,60000,12000,1,3420,,
888,,658744,55,43,0,16,174,1,43,2,30000,15000,14,878842,62774,2,14164,,
889,,19855,20,0,0,2,17,2,1,1,21000,21000,1,20000,20000,0,1670,,
890,,219058,35,4,0,8,67,0,6,6,157000,26167,2,60000,30000,0,1069,,
891,,171414,49,9,0,2,35,0,3,0,0,0,2,200000,100000,2,17675,,
892,,177487,29,4,0,4,43,0,6,0,0,0,4,190000,47500,0,15410,,
893,,290722,34,13,0,6,95,2,6,3,94000,31333,3,232646,77549,3,13839,,
894,,77593,25,0,0,7,29,0,16,0,0,0,7,98000,14000,0,1138,,
895,,318491,36,9,0,7,31,2,11,1,20000,20000,6,251142,41857,2,61017,,
896,,238531,50,16,0,2,59,0,3,1,140000,140000,1,100000,100000,6,27376,,
897,,245640,58,1,0,3,18,0,2,0,0,0,3,273000,91000,0,45327,,
898,,9878,22,2,0,1,25,0,0,1,10000,10000,0,0,0,0,667,,
899,,207605,26,5,0,3,39,0,13,1,80000,80000,2,130000,65000,0,13938,,
900,,321271,51,3,0,2,25,0,0,1,24000,24000,1,250000,250000,0,110917,,
901,,29376,19,1,0,1,14,1,6,0,0,0,1,30000,30000,0,16156,,
902,,-3,26,9,0,0,39,2,1,0,0,0,0,0,0,6,12294,,
903,,40947,20,0,0,4,12,2,2,3,11000,3667,1,30000,30000,0,0,,
904,,205477,38,14,0,2,14,0,0,0,0,0,2,146293,73147,5,2913,,
905,,774450,49,16,0,17,147,2,3,15,1782981,118865,2,760000,380000,0,1597,,
906,,291467,24,3,0,6,112,0,4,3,8000,2667,3,326294,108765,0,40736,,
907,,63422,22,0,0,7,40,2,7,4,20000,5000,3,74000,24667,0,785,,
908,,529249,49,24,0,7,47,0,24,0,0,0,7,440000,62857,9,31647,,
909,,254454,38,20,0,5,58,0,7,0,0,0,5,365000,73000,0,17124,,
910,,94315,24,1,0,3,72,0,1,1,28000,28000,2,122625,61313,0,1734,,
911,,425968,28,7,0,5,80,0,13,6,105700,17617,4,800000,200000,0,14079,,
912,,52849,30,0,0,4,31,0,5,0,0,0,4,65000,16250,0,1929,,
913,,60039,24,0,0,1,16,4,9,0,0,0,2,120000,60000,0,2600,,
914,,197193,58,3,0,7,91,0,6,6,183000,30500,1,30000,30000,0,1243,,
915,,52231,44,6,0,5,64,1,0,4,147000,36750,1,23000,23000,0,6208,,
916,,10952,28,2,0,5,63,2,2,5,150000,30000,0,0,0,0,585,,
917,,434286,26,7,0,8,79,1,22,1,73000,73000,7,450000,64286,1,3821,,
918,,59775,20,0,0,8,67,3,2,8,58000,7250,0,0,0,0,500,,
919,,382498,22,9,0,5,113,4,11,2,54000,27000,3,357132,119044,1,20233,,
920,,-3,21,3,0,0,23,1,5,0,0,0,0,0,0,0,4965,,
921,,233523,25,2,0,4,40,0,10,1,54000,54000,3,150000,50000,0,1085,,
922,,93568,30,6,0,1,97,0,0,0,0,0,1,124498,124498,0,11816,,
923,,401839,30,5,0,3,94,0,2,1,113000,113000,2,338000,169000,2,7275,,
924,,38441,26,4,0,3,62,0,5,1,8000,8000,2,50000,25000,2,3190,,
925,,180275,41,0,0,2,59,0,0,1,54000,54000,1,179000,179000,0,3115,,
926,,16387,23,2,0,3,36,3,7,2,20000,10000,1,10000,10000,0,954,,
927,,180575,24,25,0,6,55,0,26,0,0,0,6,167000,27833,0,4456,,
928,,20305,25,0,0,1,25,0,5,0,0,0,1,19997,19997,0,900,,
929,,438440,26,15,0,13,143,1,13,7,237800,33971,6,245000,40833,2,6156,,
930,,41716,43,2,0,3,7,0,6,0,0,0,3,45000,15000,0,984,,
931,,1885,23,0,0,1,32,0,7,0,0,0,1,5000,5000,0,507,,
932,,138473,23,0,0,7,32,1,7,1,10000,10000,6,135000,22500,0,1193,,
933,,524786,37,10,0,6,77,1,26,2,48000,24000,10,890000,89000,4,8625,,
934,,149812,27,0,0,6,62,4,12,5,133500,26700,1,27750,27750,0,1413,,
935,,538302,31,6,0,7,84,1,7,2,107000,53500,5,508000,101600,2,10083,,
936,,282754,37,9,0,5,51,5,10,2,41000,20500,3,192000,64000,1,25054,,
937,,184586,27,2,0,4,41,1,5,2,37000,18500,2,160000,80000,0,16238,,
938,,168503,24,0,0,3,20,1,4,2,96000,48000,1,80000,80000,0,1540,,
939,,63882,23,13,0,7,127,0,23,0,0,0,7,120000,17143,2,25778,,
940,,122500,22,2,0,8,107,7,13,5,43000,8600,3,95000,31667,1,1405,,
941,,281642,24,0,0,4,53,1,1,2,66000,33000,2,210000,105000,0,1013,,
942,,353125,32,7,0,7,94,0,8,2,92000,46000,5,358337,71667,0,16563,,
943,,8134,21,0,0,2,11,2,0,2,16000,8000,0,0,0,0,115,,
944,,109316,34,8,0,4,62,0,19,0,0,0,4,128000,32000,1,50109,,
945,,118627,26,2,0,2,56,0,1,1,23000,23000,1,100000,100000,0,1120,,
946,,366441,30,4,0,9,144,0,4,6,146000,24333,3,221500,73833,1,5875,,
947,,611259,25,12,0,4,78,2,9,2,35000,17500,2,330000,165000,0,103259,,
948,,220149,30,2,0,6,60,0,12,1,28000,28000,5,210000,42000,0,7910,,
949,,0,23,0,0,1,6,0,0,0,0,0,1,99900,99900,0,0,,
950,,309220,31,18,0,4,82,2,19,0,0,0,4,311136,77784,4,12500,,
951,,20531,37,8,0,1,38,7,0,1,20000,20000,0,0,0,4,840,,
952,,149876,29,15,0,8,138,7,29,1,5000,5000,7,240373,34339,1,10142,,
953,,160554,25,9,0,4,37,0,3,0,0,0,4,166000,41500,0,3123,,
954,,111761,32,1,0,3,34,2,4,0,0,0,3,120000,40000,0,8867,,
955,,125321,21,2,0,6,92,0,5,4,107000,26750,2,58430,29215,0,2418,,
956,,121346,25,10,0,5,104,3,18,3,34000,11333,2,130000,65000,1,2693,,
957,,21146,18,0,0,2,4,1,3,0,0,0,2,20000,10000,0,1728,,
958,,102461,35,22,0,5,42,0,13,1,10000,10000,4,130000,32500,2,6540,,
959,,69869,42,3,0,3,49,0,2,2,41000,20500,1,30000,30000,0,1358,,
960,,18599,19,1,0,9,20,3,3,9,27998,3111,0,0,0,1,390,,
961,,814683,51,18,0,7,89,0,9,1,100000,100000,6,985000,164167,1,61528,,
962,,62037,20,9,0,8,79,10,4,8,84000,10500,0,0,0,0,996,,
963,,157011,40,4,0,6,40,0,1,4,33000,8250,2,115000,57500,0,650,,
964,,343764,37,3,0,6,67,0,4,3,93000,31000,3,253325,84442,1,800,,
965,,124441,62,14,0,4,3,1,0,3,15000,5000,1,90000,90000,0,10295,,
966,,221608,36,11,0,9,100,0,4,1,41000,41000,8,522077,65260,0,7623,,
967,,171543,29,4,0,6,139,1,9,1,30000,30000,5,260000,52000,0,6875,,
968,,609615,30,7,0,11,93,1,18,4,160887,40222,7,540000,77143,1,11881,,
969,,224968,30,5,0,7,77,0,2,6,136167,22695,1,120000,120000,0,7095,,
970,,236923,29,0,0,4,59,0,4,2,90000,45000,2,150000,75000,0,1473,,
971,,57074,24,1,0,3,37,1,15,0,0,0,3,55000,18333,1,5752,,
972,,32792,21,0,0,2,15,0,15,0,0,0,2,30000,15000,0,0,,
973,,45769,24,7,0,4,19,0,5,2,10000,5000,2,75000,37500,2,8114,,
974,,65938,27,0,0,3,34,0,1,0,0,0,3,108500,36167,0,517,,
975,,166194,24,5,0,13,142,0,18,7,43000,6143,6,125000,20833,0,1329,,
976,,99328,22,3,0,2,18,1,7,0,0,0,2,70000,35000,0,399,,
977,,333380,22,3,0,9,99,0,16,6,160000,26667,3,163349,54450,1,5332,,
978,,1062670,45,23,0,11,91,4,17,0,0,0,11,995163,90469,1,30253,,
979,,176983,25,5,0,7,139,1,7,1,105000,105000,6,171528,28588,1,4330,,
980,,285988,28,13,0,6,31,1,2,5,45000,9000,1,146000,146000,2,12503,,
981,,179403,22,0,0,5,75,1,10,3,82000,27333,2,99000,49500,0,3496,,
982,,94391,19,1,0,4,30,0,8,0,0,0,4,94572,23643,0,1124,,
983,,103470,43,0,0,5,61,0,0,5,814000,162800,0,0,0,0,2351,,
984,,379842,32,20,0,7,47,0,9,1,36000,36000,6,348000,58000,1,23521,,
985,,165750,47,6,0,2,54,0,3,0,0,0,2,157760,78880,0,43376,,
986,,64296,28,3,0,2,28,0,4,1,14000,14000,1,48646,48646,2,9766,,
987,,442339,61,11,0,5,66,0,4,1,10000,10000,4,300000,75000,0,42005,,
988,,334699,49,28,0,8,52,1,24,0,0,0,8,295000,36875,2,4227,,
989,,-3,21,2,0,0,15,0,1,0,0,0,0,0,0,2,10027,,
990,,272267,29,7,0,4,88,1,0,2,150000,75000,2,126000,63000,1,2479,,
991,,255326,35,4,0,3,45,0,8,1,80000,80000,2,140000,70000,0,1191,,
992,,119349,27,3,0,5,74,0,3,4,68000,17000,1,60000,60000,0,422,,
993,,173290,30,5,0,5,63,0,6,0,0,0,5,226000,45200,4,1921,,
994,,0,19,1,0,1,15,0,11,0,0,0,1,30000,30000,0,3890,,
995,,30906,22,2,0,3,49,1,1,2,20000,10000,1,15000,15000,0,1520,,
996,,416644,53,6,0,6,78,0,20,1,34000,34000,5,462918,92584,0,23979,,
997,,165316,23,1,0,3,36,0,3,1,29000,29000,2,127969,63985,0,8049,,
998,,47859,37,4,0,3,28,0,3,0,0,0,3,38000,12667,2,2491,,
999,,119652,21,1,0,9,87,6,4,8,68244,8531,1,50000,50000,0,3405,,
1000,,273695,29,22,0,6,61,0,4,1,20000,20000,5,230536,46107,1,6072,,
1001,,30605,26,6,0,2,62,0,0,1,21000,21000,1,32471,32471,1,14320,,
1002,,163088,22,0,0,2,30,0,4,0,0,0,2,160000,80000,0,2960,,
1003,,135026,59,6,0,7,49,0,27,0,0,0,7,201000,28714,1,3268,,
1004,,144975,25,0,0,4,34,1,16,0,0,0,4,140000,35000,0,1187,,
1005,,233878,35,1,0,4,76,1,1,1,32000,32000,3,322000,107333,0,42113,,
1006,,204702,46,13,0,5,96,8,7,4,43000,10750,1,200000,200000,0,27968,,
1007,,407865,38,9,0,11,75,1,5,6,228000,38000,5,291992,58398,0,12542,,
1008,,226417,34,10,0,5,33,0,5,0,0,0,5,493364,98673,1,25308,,
1009,,27459,19,0,0,1,4,0,2,0,0,0,1,30000,30000,0,2000,,
1010,,45416,22,0,0,2,19,1,7,0,0,0,2,45000,22500,0,22780,,
1011,,264120,30,1,0,3,105,0,3,1,212000,212000,2,146000,73000,0,4219,,
1012,,322380,39,10,0,7,73,0,13,0,0,0,7,338000,48286,3,9814,,
1013,,56628,47,6,0,1,1,0,1,0,0,0,1,99507,99507,6,3074,,
1014,,118129,23,0,0,6,18,0,11,0,0,0,6,120000,20000,0,1023,,
1015,,138741,60,7,0,5,64,0,4,0,0,0,5,148000,29600,0,7430,,
1016,,365356,24,6,0,6,78,1,21,1,26000,26000,5,255000,51000,0,5607,,
1017,,203088,25,4,0,6,119,2,8,2,50000,25000,4,170000,42500,2,15680,,
1018,,294778,27,5,0,5,49,0,3,2,72000,36000,3,270000,90000,0,5706,,
1019,,51976,19,0,0,4,17,6,11,0,0,0,4,61000,15250,0,926,,
1020,,80092,21,3,0,4,65,0,12,0,0,0,4,85000,21250,0,3765,,
1021,,86428,20,0,0,6,32,0,15,0,0,0,6,96000,16000,0,728,,
1022,,198431,25,1,0,6,60,10,12,10,610800,61080,2,100000,50000,0,8586,,
1023,,110426,38,19,0,6,56,0,13,0,0,0,6,125000,20833,3,2561,,
1024,,186164,31,14,0,6,83,1,18,0,0,0,6,195000,32500,0,6374,,
1025,,369401,37,22,0,9,72,0,16,3,20000,6667,6,390000,65000,6,21010,,
1026,,497386,27,11,0,2,25,0,4,0,0,0,2,348786,174393,5,3470,,
1027,,271810,37,4,0,10,80,0,8,4,376800,94200,6,260000,43333,0,1813,,
1028,,6396,26,3,0,3,15,0,4,0,0,0,3,25000,8333,1,11961,,
1029,,255744,32,4,0,10,52,0,1,4,55000,13750,6,672321,112054,6,3208,,
1030,,44017,56,3,0,9,80,1,4,7,244100,34871,2,153000,76500,2,346,,
1031,,116283,24,4,0,3,17,2,5,2,20000,10000,1,100000,100000,1,71,,
1032,,20026,23,0,0,2,8,1,5,0,0,0,2,50000,25000,0,21190,,
1033,,39388,30,8,0,2,22,3,2,2,50000,25000,0,0,0,3,8223,,
1034,,263052,24,9,0,6,114,0,4,4,143000,35750,2,170000,85000,1,7077,,
1035,,337019,51,0,0,6,93,3,5,3,236000,78667,3,215000,71667,0,5801,,
1036,,298999,38,15,0,10,73,1,22,0,0,0,10,310000,31000,1,17570,,
1037,,47403,25,0,0,1,24,0,27,0,0,0,2,100000,50000,0,2500,,
1038,,285617,26,7,0,8,103,0,21,0,0,0,8,327000,40875,0,11474,,
1039,,324473,26,22,0,8,120,0,16,0,0,0,8,330000,41250,2,18423,,
1040,,183083,51,14,0,4,26,1,14,1,10000,10000,3,155000,51667,1,15523,,
1041,,133550,26,8,0,6,70,0,10,2,32000,16000,4,90000,22500,0,48423,,
1042,,172795,39,12,0,8,59,1,16,0,0,0,8,238000,29750,0,8431,,
1043,,8290,63,1,0,1,52,0,0,1,140000,140000,0,0,0,0,20075,,
1044,,195104,30,28,0,3,81,0,22,0,0,0,3,142000,47333,1,16496,,
1045,,170737,38,10,0,1,42,3,7,0,0,0,1,170000,170000,0,11132,,
1046,,738838,37,8,0,8,148,0,0,3,107000,35667,5,760000,152000,0,124823,,
1047,,29305,19,0,0,5,18,4,17,4,20000,5000,6,52000,8667,0,830,,
1048,,680727,26,0,0,5,75,0,18,2,418000,209000,3,180000,60000,0,3393,,
1049,,282949,24,6,0,6,102,0,13,8,188000,23500,4,524880,131220,0,16533,,
1050,,483747,26,3,0,5,53,3,4,0,0,0,5,487199,97440,0,1884,,
1051,,78171,18,0,0,3,10,3,3,1,20000,20000,2,58805,29403,0,1280,,
1052,,472950,29,2,0,8,116,2,5,2,94000,47000,6,412500,68750,0,890,,
1053,,287475,26,8,0,4,91,4,17,1,21000,21000,3,300000,100000,0,28479,,
1054,,295424,29,14,0,8,66,0,25,0,0,0,8,388017,48502,1,7663,,
1055,,340795,37,17,0,5,39,0,3,1,36000,36000,4,300000,75000,9,18205,,
1056,,94509,23,2,0,3,27,0,12,0,0,0,3,85000,28333,0,1094,,
1057,,240046,24,7,0,5,67,0,13,1,30000,30000,4,242305,60576,0,6946,,
1058,,190964,27,7,0,5,64,3,2,1,15000,15000,4,180000,45000,1,2570,,
1059,,491144,38,6,0,6,102,3,16,2,50000,25000,4,353000,88250,0,13248,,
1060,,310249,47,2,0,9,35,0,1,4,77600,19400,5,264277,52855,0,10256,,
1061,,4776,25,1,0,1,11,1,2,0,0,0,1,15000,15000,1,5595,,
1062,,211580,33,3,0,4,46,1,7,1,44000,44000,3,170000,56667,0,1896,,
1063,,280836,23,4,0,11,116,1,7,4,92000,23000,7,326320,46617,1,5092,,
1064,,629775,48,22,0,7,114,1,6,2,45000,22500,5,530000,106000,0,40501,,
1065,,9886,23,0,0,1,53,0,0,1,10000,10000,0,0,0,0,300,,
1066,,303980,33,22,0,9,138,2,15,3,20000,6667,6,252000,42000,2,10275,,
1067,,244574,25,11,0,8,87,0,7,4,22000,5500,4,245000,61250,0,6132,,
1068,,185231,28,7,0,7,91,1,5,2,71000,35500,5,129760,25952,1,499,,
1069,,23305,22,1,0,2,45,4,4,1,10000,10000,1,15000,15000,0,443,,
1070,,76491,20,1,0,3,36,0,7,0,0,0,3,75000,25000,0,6278,,
1071,,140151,22,3,0,6,109,1,3,3,18000,6000,3,130000,43333,0,5441,,
1072,,18129,31,12,0,2,11,0,0,1,14000,14000,1,200000,200000,1,9194,,
1073,,140320,25,0,0,3,32,0,13,1,43000,43000,2,88666,44333,0,2907,,
1074,,151707,19,0,0,6,28,3,7,0,0,0,6,135000,22500,0,1602,,
1075,,388831,26,10,0,7,82,0,4,1,20000,20000,6,310000,51667,1,6464,,
1076,,92181,27,3,0,4,102,0,15,2,24000,12000,2,80000,40000,0,8968,,
1077,,445561,38,21,0,7,117,8,12,2,40000,20000,5,450000,90000,1,45972,,
1078,,28620,22,0,0,3,56,0,0,3,28000,9333,0,0,0,0,2967,,
1079,,335273,43,26,0,11,77,0,28,0,0,0,11,599903,54537,4,17240,,
1080,,681843,49,24,0,9,48,0,25,0,0,0,9,555000,61667,3,35042,,
1081,,58224,22,3,1,4,77,2,57,2,20000,10000,10,190000,19000,4,3653,,
1082,,231756,40,1,0,5,86,0,1,3,38000,12667,2,503000,251500,0,1917,,
1083,,61852,26,5,0,4,69,11,11,3,30000,10000,9,235000,26111,0,988,,
1084,,81296,23,3,0,4,65,1,2,0,0,0,4,125000,31250,0,3525,,
1085,,406756,44,7,0,8,28,0,4,5,441998,88400,3,619944,206648,0,4836,,
1086,,119714,24,8,0,6,120,1,14,2,40000,20000,4,130000,32500,0,11353,,
1087,,0,24,4,0,1,45,0,12,0,0,0,1,40000,40000,0,18080,,
1088,,75986,23,0,0,5,51,1,1,4,72000,18000,1,16000,16000,0,832,,
1089,,218321,29,26,0,10,100,0,20,1,20000,20000,9,414000,46000,4,7973,,
1090,,16011,20,0,0,1,27,0,2,1,20000,20000,0,0,0,0,3780,,
1091,,9903,21,2,0,1,44,2,3,1,10000,10000,0,0,0,0,833,,
1092,,6648,23,1,0,3,19,0,14,0,0,0,3,13000,4333,1,970,,
1093,,6940,30,1,0,1,12,0,12,0,0,0,1,10000,10000,0,2363,,
1094,,99640,23,2,0,8,39,0,22,2,22000,11000,6,70000,11667,0,1208,,
1095,,193798,26,10,0,3,21,0,4,1,15000,15000,2,120000,60000,0,21286,,
1096,,211230,46,5,0,8,77,0,9,12,72000,6000,5,395000,79000,0,19478,,
1097,,294524,45,26,0,8,51,0,20,1,3000,3000,7,290000,41429,0,12473,,
1098,,778906,33,16,0,7,128,2,8,3,30000,10000,4,623000,155750,3,27526,,
1099,,275038,41,10,1,6,95,2,21,6,70000,11667,8,465000,58125,2,54910,,
1100,,0,29,5,0,1,41,1,3,0,0,0,1,138000,138000,2,50300,,
1101,,69280,21,4,0,3,80,1,3,1,25000,25000,2,60000,30000,0,1845,,
1102,,128276,23,5,0,9,110,3,9,6,60000,10000,3,55000,18333,0,1301,,
1103,,0,34,1,0,2,39,0,1,0,0,0,2,36000,18000,1,0,,
1104,,319975,54,12,0,11,82,1,12,3,76000,25333,8,402000,50250,5,10858,,
1105,,0,21,0,0,1,28,0,1,1,30000,30000,0,0,0,0,0,,
1106,,1213,22,0,0,1,6,4,2,1,10000,10000,0,0,0,0,0,,
1107,,159429,27,5,0,2,92,0,6,0,0,0,2,158944,79472,0,2563,,
1108,,35937,24,7,0,6,68,0,25,0,0,0,6,95000,15833,0,4310,,
1109,,201659,28,0,0,1,34,0,1,0,0,0,1,200000,200000,0,6540,,
1110,,547306,48,11,0,10,83,0,16,3,143000,47667,7,500000,71429,2,18502,,
1111,,198414,44,7,0,6,29,3,10,1,20000,20000,5,155000,31000,0,10360,,
1112,,108119,35,9,0,5,62,0,19,0,0,0,5,145000,29000,1,8380,,
1113,,110529,41,2,0,3,63,0,2,1,178000,178000,2,101000,50500,0,1257,,
1114,,297428,49,12,0,2,43,0,3,0,0,0,2,240000,120000,0,8645,,
1115,,397873,29,6,0,7,69,3,4,6,95997,16000,1,210000,210000,0,11255,,
1116,,241888,29,9,0,6,114,0,6,1,18000,18000,5,289021,57804,2,10834,,
1117,,274810,22,0,0,7,50,4,6,5,119887,23977,2,200000,100000,0,5889,,
1118,,116483,24,3,0,3,39,0,4,0,0,0,3,130000,43333,0,1354,,
1119,,226158,34,14,0,5,71,1,7,0,0,0,5,326883,65377,0,15250,,
1120,,41789,27,0,0,3,8,1,6,0,0,0,3,40000,13333,0,705,,
1121,,312688,33,7,0,5,89,0,1,4,98000,24500,1,250000,250000,0,179,,
1122,,68674,23,1,0,2,2,0,1,1,46000,46000,1,30000,30000,0,3040,,
1123,,30468,19,0,0,1,3,0,3,0,0,0,1,30000,30000,0,0,,
1124,,4672,59,5,0,6,76,0,0,6,322000,53667,0,0,0,1,340,,
1125,,165275,48,5,0,2,47,0,6,0,0,0,2,170000,85000,1,9195,,
1126,,71735,19,0,0,3,16,0,10,0,0,0,3,80000,26667,0,2789,,
1127,,38985,35,4,0,2,5,1,1,1,30000,30000,1,10000,10000,2,644,,
1128,,437974,29,3,0,6,80,0,2,3,321500,107167,3,208000,69333,1,1394,,
1129,,518725,35,9,0,9,69,2,14,0,0,0,9,560000,62222,1,29209,,
1130,,17076,20,2,0,3,10,6,4,3,20000,6667,0,0,0,0,3431,,
1131,,51742,23,2,0,4,50,2,6,0,0,0,4,73000,18250,1,3760,,
1132,,232568,35,6,0,4,60,0,11,1,55000,55000,3,185000,61667,1,7872,,
1133,,0,22,4,0,2,13,0,0,0,0,0,2,35000,17500,1,9043,,
1134,,11448,26,4,0,1,3,0,2,0,0,0,1,10000,10000,0,12218,,
1135,,179793,21,12,0,6,55,4,13,2,15000,7500,4,142000,35500,0,6572,,
1136,,133974,28,1,0,6,31,0,17,0,0,0,6,142000,23667,0,1773,,
1137,,190589,36,17,0,6,56,3,2,5,94000,18800,1,95000,95000,0,23805,,
1138,,256821,30,7,0,6,47,1,8,2,103000,51500,4,142000,35500,0,2916,,
1139,,582202,45,8,0,10,117,1,7,5,155000,31000,5,578020,115604,0,19407,,
1140,,113694,19,2,0,9,34,3,21,1,10000,10000,8,115000,14375,0,974,,
1141,,60047,27,3,0,4,19,0,12,1,50000,50000,3,41000,13667,0,892,,
1142,,346896,48,8,0,7,72,0,5,1,20000,20000,6,424000,70667,0,30407,,
1143,,1033003,32,27,0,8,132,5,15,1,10000,10000,7,755000,107857,5,55858,,
1144,,181997,49,8,0,3,33,6,5,0,0,0,3,170000,56667,2,23527,,
1145,,28450,20,1,0,1,29,0,7,0,0,0,1,28409,28409,0,800,,
1146,,152865,24,7,0,7,64,0,27,0,0,0,7,160000,22857,0,5415,,
1147,,40732,21,1,0,2,46,1,4,1,10000,10000,1,30000,30000,0,1047,,
1148,,175304,24,2,0,4,39,1,3,2,105000,52500,2,80000,40000,0,802,,
1149,,0,21,0,0,1,13,0,0,1,7000,7000,0,0,0,0,0,,
1150,,141993,23,5,0,6,40,0,4,1,10000,10000,5,180000,36000,2,5004,,
1151,,253678,24,11,0,6,51,0,5,1,7000,7000,5,300000,60000,1,23888,,
1152,,295817,24,4,0,3,57,0,4,0,0,0,3,210000,70000,0,13017,,
1153,,48620,35,0,0,3,24,0,0,2,79000,39500,1,5000,5000,0,133,,
1154,,95895,23,9,0,5,56,3,13,0,0,0,5,110000,22000,1,3283,,
1155,,55661,20,2,0,4,19,2,9,0,0,0,4,67219,16805,0,3030,,
1156,,304445,40,7,0,8,127,0,2,3,130000,43333,5,693048,138610,0,14929,,
1157,,482600,34,5,0,7,51,0,4,2,20000,10000,5,516000,103200,0,21510,,
1158,,61045,42,1,0,5,17,0,7,0,0,0,5,65000,13000,0,380,,
1159,,24999,40,0,0,1,5,1,4,0,0,0,1,25000,25000,0,1192,,
1160,,273443,33,3,0,5,97,2,1,2,74000,37000,3,235789,78596,0,739,,
1161,,48852,27,4,0,4,49,0,11,0,0,0,4,55000,13750,1,5611,,
1162,,37419,20,0,0,6,18,7,6,12,82000,6833,1,10000,10000,0,385,,
1163,,334038,28,10,0,5,125,1,6,1,5000,5000,4,337000,84250,0,2071,,
1164,,23372,31,1,0,4,23,0,0,3,17000,5667,1,10000,10000,0,1037,,
1165,,582198,33,18,0,10,93,0,14,1,115000,115000,9,507771,56419,1,16364,,
1166,,428913,24,16,0,16,118,0,24,2,123000,61500,14,530000,37857,3,6522,,
1167,,148400,49,5,0,5,34,3,22,0,0,0,5,140000,28000,0,9296,,
1168,,227812,33,7,0,7,111,3,4,4,53000,13250,3,197697,65899,1,2934,,
1169,,16700,38,1,0,2,18,0,11,0,0,0,2,20000,10000,0,700,,
1170,,142470,29,5,0,5,103,0,9,1,79000,79000,4,180000,45000,0,3167,,
1171,,33715,23,6,0,2,9,0,0,0,0,0,2,55000,27500,1,11554,,
1172,,19009,38,7,0,2,18,0,8,0,0,0,2,20000,10000,1,2485,,
1173,,141640,37,5,0,15,37,2,2,15,302000,20133,0,0,0,1,4005,,
1174,,57221,21,0,0,2,64,1,6,0,0,0,2,80000,40000,0,1325,,
1175,,89092,26,2,0,4,139,0,6,2,101000,50500,2,60000,30000,0,2642,,
1176,,0,22,1,0,1,14,1,0,1,40000,40000,0,0,0,0,1591,,
1177,,323774,39,3,0,6,78,0,0,3,330000,110000,3,466099,155366,0,5638,,
1178,,170500,23,3,0,4,28,0,18,0,0,0,4,195000,48750,0,4,,
1179,,242708,25,0,0,6,37,0,4,3,12000,4000,3,236000,78667,0,10364,,
1180,,9919,34,0,0,1,28,4,0,1,16000,16000,0,0,0,0,620,,
1181,,315055,27,5,0,7,133,0,11,3,52000,17333,4,219000,54750,0,10131,,
1182,,88846,28,2,0,2,67,0,0,1,10000,10000,1,78963,78963,0,980,,
1183,,429153,22,5,0,5,43,0,10,1,44000,44000,4,377500,94375,0,71892,,
1184,,16972,20,1,0,7,45,2,1,7,40000,5714,0,0,0,0,2589,,
1185,,253602,24,3,0,11,84,5,17,4,154000,38500,7,118000,16857,0,1557,,
1186,,116367,20,1,0,4,44,5,13,0,0,0,4,115000,28750,0,1295,,
1187,,202189,40,7,0,7,67,1,14,1,12000,12000,6,375884,62647,0,14896,,
1188,,62424,21,1,0,2,21,1,11,1,45000,45000,1,26930,26930,1,1674,,
1189,,332159,38,3,0,5,45,10,31,2,50000,25000,8,520000,65000,0,16976,,
1190,,49951,22,0,0,4,20,0,3,2,18000,9000,2,35000,17500,0,891,,
1191,,41274,22,0,0,12,47,4,0,12,43998,3667,0,0,0,0,840,,
1192,,328334,33,8,0,5,125,1,5,1,30000,30000,4,332000,83000,0,28785,,
1193,,577167,29,8,0,6,145,0,7,1,40000,40000,5,530000,106000,0,21560,,
1194,,128741,24,3,0,5,82,1,24,0,0,0,5,135545,27109,0,4927,,
1195,,40049,26,6,0,2,43,2,14,1,10000,10000,1,30000,30000,4,11491,,
1196,,4226,21,0,0,1,1,1,0,1,10000,10000,0,0,0,0,1395,,
1197,,386916,40,2,0,5,47,3,1,2,190000,95000,3,290000,96667,2,14396,,
1198,,9156,21,0,0,1,59,1,2,1,10000,10000,0,0,0,0,4000,,
1199,,246922,41,3,0,8,27,1,12,4,75000,18750,4,136575,34144,0,479,,
1200,,129739,24,5,0,6,30,0,3,0,0,0,6,180000,30000,1,1977,,
1201,,54368,44,8,0,2,13,1,2,0,0,0,2,54788,27394,2,133355,,
1202,,20000,32,4,0,1,12,0,2,0,0,0,1,20000,20000,2,7635,,
1203,,252565,38,3,0,3,34,1,3,2,171000,85500,1,90000,90000,2,4082,,
1204,,215755,23,3,0,5,112,3,13,1,25000,25000,4,215415,53854,0,2233,,
1205,,262716,24,12,0,6,80,3,13,1,8000,8000,5,266766,53353,1,10255,,
1206,,122667,34,6,0,6,57,0,13,0,0,0,6,130000,21667,2,2744,,
1207,,86978,33,11,0,5,42,0,2,1,10000,10000,4,85000,21250,1,6017,,
1208,,38001,27,0,0,3,50,0,11,0,0,0,3,45000,15000,0,1106,,
1209,,28993,43,1,0,2,14,3,4,0,0,0,2,30000,15000,1,1298,,
1210,,27061,21,0,0,3,12,0,10,0,0,0,3,30000,10000,0,463,,
1211,,238677,31,8,0,6,26,0,13,0,0,0,6,250000,41667,0,4594,,
1212,,122412,26,4,0,7,50,5,24,1,20000,20000,6,140000,23333,3,3934,,
1213,,114108,32,2,0,9,66,0,12,5,38000,7600,4,124710,31178,0,1769,,
1214,,260095,46,22,0,7,115,0,23,1,10000,10000,6,278188,46365,1,27924,,
1215,,387714,42,1,0,6,99,0,9,2,126000,63000,4,364000,91000,0,15351,,
1216,,0,34,7,0,2,14,0,0,0,0,0,2,162000,81000,0,17516,,
1217,,40227,25,0,0,3,14,1,7,0,0,0,3,40000,13333,0,357,,
1218,,30273,20,0,0,1,5,0,4,0,0,0,1,30000,30000,0,0,,
1219,,253219,20,0,0,4,46,0,8,0,0,0,4,214198,53550,0,2092,,
1220,,340068,31,5,0,6,113,0,9,3,76000,25333,3,315000,105000,1,31466,,
1221,,137967,25,16,0,7,77,1,5,0,0,0,7,180000,25714,2,1795,,
1222,,355428,32,0,0,10,141,2,3,6,260100,43350,4,309000,77250,0,5161,,
1223,,0,29,0,0,1,1,0,0,0,0,0,1,40000,40000,0,0,,
1224,,6248,41,10,0,12,84,0,3,24,697684,29070,0,0,0,0,1944,,
1225,,419344,33,5,0,6,133,0,11,1,20000,20000,5,527500,105500,0,2884,,
1226,,204787,52,10,0,5,112,0,10,1,15000,15000,4,300000,75000,1,30093,,
1227,,6449,29,13,0,1,25,2,6,0,0,0,1,10000,10000,3,35696,,
1228,,57224,21,0,0,5,22,1,3,3,20000,6667,2,40000,20000,2,3528,,
1229,,19631,22,0,0,1,12,0,1,0,0,0,1,30000,30000,0,3200,,
1230,,111948,27,6,0,4,61,0,5,0,0,0,4,118000,29500,1,1914,,
1231,,151240,23,0,0,5,51,0,8,0,0,0,5,155000,31000,0,620,,
1232,,133887,21,8,0,2,66,0,2,0,0,0,2,130000,65000,0,3673,,
1233,,354473,32,7,0,4,84,1,10,1,16000,16000,3,315000,105000,0,21304,,
1234,,40156,19,0,0,1,5,0,5,0,0,0,1,40000,40000,0,0,,
1235,,146638,25,8,0,5,58,0,8,0,0,0,5,215338,43068,0,3618,,
1236,,21605,30,4,0,2,32,0,11,0,0,0,2,26000,13000,0,3924,,
1237,,339568,51,4,0,5,78,5,15,1,60000,60000,4,550000,137500,0,2074,,
1238,,217669,29,6,0,3,145,0,0,1,65000,65000,2,175000,87500,1,6843,,
1239,,61587,20,0,0,3,33,1,8,0,0,0,3,65000,21667,0,1302,,
1240,,99563,31,11,0,3,78,1,13,0,0,0,3,129980,43327,1,13790,,
1241,,79435,22,11,0,7,76,4,7,4,73000,18250,3,80008,26669,1,15382,,
1242,,80523,24,1,0,4,40,1,15,0,0,0,4,90000,22500,0,2173,,
1243,,51600,20,0,0,2,9,1,2,0,0,0,2,50000,25000,0,1580,,
1244,,204197,29,5,0,8,45,2,4,2,50000,25000,6,165000,27500,3,1246,,
1245,,139128,24,4,0,6,87,1,5,5,51000,10200,1,85000,85000,0,10790,,
1246,,269104,43,24,0,9,94,1,12,4,63000,15750,5,235000,47000,1,21602,,
1247,,136947,28,1,0,7,54,1,17,1,23000,23000,6,135000,22500,0,1399,,
1248,,49962,29,11,0,3,54,0,11,0,0,0,3,52000,17333,2,13118,,
1249,,54503,21,3,0,2,29,3,17,0,0,0,2,55000,27500,1,20389,,
1250,,124352,24,0,0,3,9,4,3,0,0,0,3,125000,41667,0,1000,,
1251,,234936,63,10,0,9,55,4,15,4,40000,10000,5,205000,41000,2,7756,,
1252,,61095,24,0,0,3,58,0,2,1,75000,75000,2,120000,60000,0,1623,,
1253,,430287,60,18,0,7,92,0,5,3,101000,33667,4,440000,110000,1,11357,,
1254,,225431,26,5,0,4,34,0,5,2,20000,10000,2,150000,75000,2,4227,,
1255,,253241,25,17,0,11,30,0,5,4,38000,9500,7,176000,25143,0,11861,,
1256,,156445,32,1,0,7,118,0,8,2,10000,5000,5,165900,33180,0,2999,,
1257,,158337,30,3,0,2,93,0,5,1,33000,33000,1,178000,178000,0,10718,,
1258,,106577,22,0,0,7,56,0,12,3,63000,21000,4,45799,11450,0,534,,
1259,,307469,27,4,0,5,139,0,9,2,132000,66000,3,248626,82875,0,9404,,
1260,,179410,28,5,0,4,75,1,10,0,0,0,4,170000,42500,0,31456,,
1261,,432227,36,18,0,7,101,3,36,2,20000,10000,11,1278000,116182,8,25284,,
1262,,509473,29,13,0,7,112,0,6,4,212000,53000,3,226000,75333,0,3384,,
1263,,744,40,6,0,1,35,0,4,1,15000,15000,0,0,0,1,2705,,
1264,,0,25,2,0,1,7,1,0,1,30000,30000,0,0,0,0,9416,,
1265,,493043,40,10,0,6,11,0,4,0,0,0,6,663482,110580,1,118960,,
1266,,20538,31,6,0,3,38,0,7,0,0,0,3,25000,8333,2,657,,
1267,,184449,27,0,0,5,23,4,7,8,156000,19500,2,260000,130000,0,7141,,
1268,,373946,25,6,0,13,96,0,10,4,101000,25250,9,305000,33889,0,3993,,
1269,,130465,24,2,0,3,65,1,2,1,36000,36000,2,130000,65000,0,3947,,
1270,,295909,26,5,0,5,78,0,39,2,164000,82000,15,538052,35870,0,23251,,
1271,,0,59,2,0,2,10,1,2,5,76000,15200,1,30000,30000,0,494,,
1272,,326540,34,14,0,3,60,0,7,1,20000,20000,2,225000,112500,0,30134,,
1273,,215246,32,2,0,3,57,0,7,4,306000,76500,4,244899,61225,0,2412,,
1274,,198351,26,4,0,12,111,1,12,5,178000,35600,7,140000,20000,0,1992,,
1275,,307621,34,7,0,5,49,0,1,0,0,0,5,682500,136500,0,54091,,
1276,,57247,19,0,0,5,24,0,16,0,0,0,5,51000,10200,0,442,,
1277,,-3,26,2,0,0,4,0,1,0,0,0,0,0,0,2,4250,,
1278,,1412277,36,14,0,13,125,2,9,9,493000,54778,4,698000,174500,0,45772,,
1279,,249892,36,3,0,8,69,0,9,6,235000,39167,2,50000,25000,0,2958,,
1280,,254174,29,31,0,7,82,2,23,0,0,0,7,265000,37857,1,18262,,
1281,,15325,23,2,0,5,26,0,16,0,0,0,5,30000,6000,3,776,,
1282,,66287,25,12,0,3,34,1,2,1,5000,5000,2,70000,35000,1,6556,,
1283,,110674,40,4,0,5,69,3,13,0,0,0,5,115000,23000,1,4049,,
1284,,57920,22,2,0,5,64,0,10,0,0,0,5,63000,12600,0,4188,,
1285,,243973,41,20,0,11,130,3,9,5,21000,4200,6,278000,46333,2,1605,,
1286,,1199077,28,25,0,15,159,0,106,7,468000,66857,25,1743000,69720,6,25551,,
1287,,137287,25,10,0,4,74,0,10,1,10000,10000,3,128000,42667,0,4050,,
1288,,235365,48,1,0,5,52,0,17,2,175000,87500,3,55000,18333,0,330,,
1289,,706154,34,5,0,7,132,0,17,2,307000,153500,5,414265,82853,0,4182,,
1290,,96138,24,0,0,1,41,0,4,0,0,0,1,100000,100000,0,6000,,
1291,,4095153,62,29,0,13,128,0,18,3,125131,41710,10,3442646,344265,2,19240,,
1292,,738352,30,17,0,9,65,4,13,4,28000,7000,5,503000,100600,3,20678,,
1293,,54779,23,0,0,1,10,1,1,1,55000,55000,0,0,0,0,2022,,
1294,,3950,21,1,0,1,19,0,2,0,0,0,1,10000,10000,1,1682,,
1295,,156259,44,9,0,3,37,0,3,1,26000,26000,2,165000,82500,0,17182,,
1296,,83078,28,5,0,3,68,1,5,3,197000,65667,0,0,0,0,8575,,
1297,,191734,22,0,0,3,63,3,2,1,10000,10000,2,180000,90000,0,2678,,
1298,,391519,31,5,0,4,7,0,4,3,60000,20000,1,170000,170000,0,28571,,
1299,,398485,34,8,0,9,70,2,15,3,91000,30333,6,270000,45000,1,25630,,
1300,,910710,45,11,0,8,64,0,25,1,45000,45000,7,720000,102857,0,59123,,
1301,,25524,27,3,0,1,11,2,3,0,0,0,1,20000,20000,2,15750,,
1302,,110000,29,5,0,2,68,10,3,0,0,0,2,153969,76985,1,21387,,
1303,,76202,47,3,0,4,37,2,5,1,25000,25000,3,81000,27000,3,3833,,
1304,,125571,27,0,0,2,46,0,1,1,50000,50000,1,100000,100000,0,2805,,
1305,,365638,26,0,0,13,84,3,4,11,111876,10171,2,210000,105000,0,6268,,
1306,,664242,45,18,0,6,92,0,13,1,40000,40000,5,637000,127400,0,50269,,
1307,,192031,22,3,0,4,70,1,5,1,20000,20000,3,204720,68240,1,13659,,
1308,,127050,23,0,0,6,39,9,30,6,60000,10000,13,318000,24462,0,827,,
1309,,307390,29,6,0,5,82,2,7,2,23000,11500,3,358000,119333,1,22064,,
1310,,488283,31,4,0,3,95,0,7,1,116000,116000,2,300000,150000,1,34664,,
1311,,20060,19,0,0,2,18,0,6,0,0,0,2,20000,10000,0,1080,,
1312,,296631,24,21,0,7,83,0,13,0,0,0,7,294947,42135,2,4717,,
1313,,151843,53,4,0,4,114,0,6,1,15000,15000,3,160000,53333,1,4947,,
1314,,176061,33,0,0,4,24,0,0,4,175000,43750,0,0,0,0,1125,,
1315,,46072,22,0,0,12,79,2,1,11,57998,5273,1,40000,40000,0,1130,,
1316,,225852,34,4,0,9,77,2,2,5,120001,24000,4,124948,31237,0,3068,,
1317,,192916,48,0,0,6,28,0,0,0,0,0,6,522001,87000,0,1134,,
1318,,95423,25,5,0,3,43,0,10,1,75000,75000,2,45000,22500,1,2062,,
1319,,162236,26,1,0,2,49,0,9,0,0,0,2,166000,83000,0,8970,,
1320,,83737,30,8,0,7,37,0,14,2,13000,6500,5,65000,13000,5,3156,,
1321,,129199,41,18,0,7,99,0,4,2,30000,15000,5,220000,44000,0,11448,,
1322,,217390,25,2,0,3,43,0,3,0,0,0,3,219970,73323,0,3000,,
1323,,448007,28,15,1,11,174,0,111,10,139157,13916,14,691908,49422,22,25472,,
1324,,42021,22,0,0,5,31,3,4,3,26000,8667,2,21000,10500,0,1705,,
1325,,8902,21,0,0,1,9,4,5,0,0,0,1,10000,10000,0,1080,,
1326,,262915,25,2,0,2,63,0,4,1,30000,30000,1,190000,190000,0,93,,
1327,,28647,23,4,0,2,17,0,7,0,0,0,2,40000,20000,3,2151,,
1328,,296935,48,11,0,9,129,0,18,1,28000,28000,8,334000,41750,3,23791,,
1329,,64429,29,1,0,2,51,4,0,1,20000,20000,1,50000,50000,1,883,,
1330,,320638,62,19,0,17,163,4,23,7,130798,18685,10,302878,30288,2,1891,,
1331,,1957,28,2,0,2,14,0,1,0,0,0,4,138536,34634,6,9454,,
1332,,61750,27,0,0,2,60,1,0,1,38000,38000,1,51500,51500,0,4500,,
1333,,17917,20,0,0,2,4,1,0,2,20000,10000,0,0,0,0,2285,,
1334,,101055,30,1,0,1,14,0,10,0,0,0,1,100000,100000,1,50000,,
1335,,249023,26,6,0,3,41,2,11,1,26000,26000,2,207712,103856,0,32555,,
1336,,243447,29,6,0,7,55,2,9,2,70000,35000,5,220000,44000,3,8832,,
1337,,147474,41,14,0,6,36,0,15,0,0,0,6,148094,24682,0,5241,,
1338,,122072,28,11,0,3,55,0,18,0,0,0,3,140000,46667,0,9593,,
1339,,516959,37,5,0,4,53,0,3,2,46000,23000,2,350000,175000,1,47962,,
1340,,71944,24,5,0,6,32,2,9,2,25000,12500,4,60000,15000,0,551,,
1341,,153399,25,11,0,2,64,0,13,1,16000,16000,1,150000,150000,2,25519,,
1342,,44462,35,1,0,6,27,1,12,0,0,0,6,45000,7500,1,468,,
1343,,23502,21,0,0,4,12,8,0,4,36000,9000,0,0,0,0,1114,,
1344,,38451,22,0,0,4,33,2,1,4,103000,25750,0,0,0,0,500,,
1345,,384832,26,9,0,11,70,7,24,3,40000,13333,8,370000,46250,0,8916,,
1346,,48422,32,4,0,3,36,0,13,0,0,0,3,50000,16667,3,8952,,
1347,,51757,28,4,0,2,41,1,2,0,0,0,2,49907,24954,0,2756,,
1348,,30983,22,0,0,7,31,2,4,5,39000,7800,2,11000,5500,0,960,,
1349,,100540,23,2,0,6,35,2,22,0,0,0,6,105454,17576,0,4701,,
1350,,159454,25,0,0,2,81,1,3,1,10000,10000,1,150000,150000,0,2500,,
1351,,472814,27,10,0,2,35,0,4,0,0,0,2,401976,200988,0,26447,,
1352,,445838,40,10,0,8,94,1,7,3,45000,15000,5,366000,73200,0,7627,,
1353,,59034,30,4,0,2,21,0,1,0,0,0,2,80000,40000,0,4971,,
1354,,55297,27,3,0,4,19,1,15,0,0,0,4,61000,15250,0,1829,,
1355,,1065321,46,11,0,6,118,0,25,2,169000,84500,4,825000,206250,2,40160,,
1356,,5219,26,1,0,5,87,2,6,2,40000,20000,3,65000,21667,0,5767,,
1357,,191472,30,7,0,5,66,1,7,1,18000,18000,4,180000,45000,0,4129,,
1358,,76859,30,9,0,6,104,0,1,5,114000,22800,1,120000,120000,0,11520,,
1359,,286315,25,16,0,8,92,0,28,0,0,0,8,274500,34313,2,5474,,
1360,,100557,29,10,0,2,43,1,8,0,0,0,2,360000,180000,3,3709,,
1361,,0,28,1,0,1,10,1,1,0,0,0,1,5000,5000,1,5276,,
1362,,15955,26,0,0,2,19,1,8,1,8000,8000,1,10000,10000,0,3250,,
1363,,135693,23,2,0,3,46,0,5,0,0,0,3,155000,51667,0,2391,,
1364,,71285,20,0,0,1,40,0,1,0,0,0,1,70000,70000,0,3200,,
1365,,113631,25,2,0,7,43,0,12,0,0,0,7,120000,17143,2,1340,,
1366,,262942,34,12,0,9,97,0,19,1,10000,10000,8,362600,45325,2,9913,,
1367,,397103,32,8,0,6,70,0,7,2,152000,76000,4,190000,47500,0,4052,,
1368,,506614,42,5,0,8,113,0,4,4,197854,49464,4,400000,100000,0,22368,,
1369,,249175,38,4,0,4,51,1,8,1,5000,5000,3,225000,75000,1,24403,,
1370,,179873,23,0,0,2,42,1,4,1,98000,98000,1,100000,100000,0,3430,,
1371,,24145,22,0,0,2,19,2,11,2,104000,52000,2,40000,20000,0,5023,,
1372,,155007,24,2,0,5,52,0,10,0,0,0,5,196302,39260,0,1473,,
1373,,131752,22,3,0,6,61,0,9,2,20000,10000,4,111000,27750,0,3948,,
1374,,-4,30,0,0,0,2,2,6,0,0,0,1,50000,50000,0,0,,
1375,,340282,28,7,0,3,60,0,2,1,20000,20000,2,220000,110000,1,41307,,
1376,,144245,37,12,0,3,90,0,3,0,0,0,3,145000,48333,4,9912,,
1377,,18643,22,3,0,3,31,0,9,0,0,0,3,120000,40000,1,2991,,
1378,,338568,44,7,0,7,102,0,4,4,72000,18000,3,216000,72000,0,55569,,
1379,,126512,24,0,0,3,78,1,11,1,73000,73000,2,60000,30000,0,8166,,
1380,,652337,35,2,0,5,79,0,12,1,18000,18000,4,395000,98750,0,4031,,
1381,,567880,37,16,0,6,33,1,8,1,25000,25000,5,385000,77000,4,13238,,
1382,,40726,20,0,0,1,16,20,41,0,0,0,5,125000,25000,0,1434,,
1383,,168005,27,4,0,4,71,3,7,3,150000,50000,1,103000,103000,0,5439,,
1384,,52213,36,4,0,3,8,2,5,0,0,0,3,55000,18333,3,2219,,
1385,,191242,24,7,0,4,44,0,12,0,0,0,4,243978,60995,1,9813,,
1386,,110631,24,7,0,6,62,6,19,4,30000,7500,10,194886,19489,0,1652,,
1387,,104962,28,9,0,6,75,0,14,0,0,0,6,175111,29185,5,8795,,
1388,,225712,24,2,0,5,84,4,19,0,0,0,5,410000,82000,0,11753,,
1389,,1291035,47,10,0,8,113,0,11,2,137000,68500,6,1178000,196333,0,75041,,
1390,,102860,25,2,0,2,15,0,3,0,0,0,2,106000,53000,1,1653,,
1391,,80336,21,0,0,2,50,2,1,1,20000,20000,1,70000,70000,0,2495,,
1392,,56270,24,1,0,2,18,0,9,1,20000,20000,1,100000,100000,0,2523,,
1393,,191641,35,7,0,3,41,0,17,0,0,0,6,484000,80667,0,14562,,
1394,,401399,52,5,0,17,229,0,5,11,302000,27455,6,174000,29000,0,1273,,
1395,,138239,25,5,0,5,97,2,15,4,40000,10000,1,110000,110000,1,1471,,
1396,,171535,41,26,0,4,69,0,13,0,0,0,4,175000,43750,0,6865,,
1397,,263573,26,5,0,9,69,1,9,4,114000,28500,5,140000,28000,0,3165,,
1398,,7848,31,1,0,4,7,1,5,0,0,0,4,285000,71250,2,722,,
1399,,97938,26,2,0,3,26,0,3,0,0,0,3,122494,40831,0,1536,,
1400,,924765,31,4,0,7,118,0,4,4,286000,71500,3,620000,206667,0,6008,,
1401,,87919,30,5,0,5,17,0,8,1,10000,10000,4,80000,20000,1,14996,,
1402,,180527,36,10,0,3,24,0,2,0,0,0,3,223000,74333,0,9269,,
1403,,500563,35,14,0,7,95,5,20,7,78455,11208,6,686000,114333,11,42592,,
1404,,-3,27,1,0,0,17,0,0,0,0,0,0,0,0,1,109701,,
1405,,329714,29,6,0,4,54,0,12,1,10000,10000,3,248000,82667,0,24073,,
1406,,23636,21,0,0,2,4,0,4,0,0,0,2,30000,15000,0,1414,,
1407,,101545,27,3,0,1,55,0,2,0,0,0,1,100000,100000,0,14192,,
1408,,81753,19,0,0,3,21,3,11,0,0,0,3,85000,28333,0,1746,,
1409,,192319,24,15,0,4,69,0,14,0,0,0,4,202000,50500,0,19450,,
